,title,magnitude,cdi,mmi,alert,tsunami,sig,net,nst,dmin,gap,magType,depth,latitude,longitude,location,continent,country,year,month,day,hour,minute
0,86,6.5,7,4,0,0,657,9,114,7.177,25.0,8,192.96,-13.8814,167.158,427,6,55,2023,8,16,12,47
1,87,6.5,8,6,3,0,775,9,92,0.679,40.0,8,69.73,12.814,-88.1265,156,6,54,2023,7,19,0,22
2,227,6.6,7,5,0,0,899,9,70,1.634,28.0,8,171.37,-38.1911,-70.3731,234,5,3,2023,7,17,3,5
3,778,7.2,6,6,0,1,860,9,173,0.907,36.0,8,32.57,54.3844,-160.699,403,6,54,2023,7,16,6,48
4,813,7.3,0,5,0,1,820,1,79,0.879,172.8,0,21.0,54.49,-160.796,17,6,54,2023,7,16,6,48
5,231,6.6,5,4,0,1,802,9,95,2.454,37.0,8,10.0,20.0196,-61.0955,94,6,54,2023,7,10,20,28
6,610,6.9,4,4,0,1,741,9,136,1.179,23.0,8,229.0,-17.853,-174.937,462,6,54,2023,7,2,10,27
7,783,7.2,8,6,0,1,804,9,85,2.59,24.0,8,167.4,-22.9824,-177.208,496,6,54,2023,6,15,18,6
8,308,6.6,6,6,0,1,733,9,50,2.163,129.0,8,10.0,8.8894,-77.1231,333,6,10,2023,5,25,3,5
9,740,7.1,3,4,0,1,777,9,98,2.812,56.0,8,35.98,-23.0622,170.456,500,6,54,2023,5,20,1,51
10,916,7.7,5,4,0,1,927,9,277,3.111,15.0,8,18.03,-23.2286,170.694,500,6,54,2023,5,19,2,57
11,890,7.6,8,6,0,1,907,9,111,3.631,17.0,8,210.1,-15.6002,-174.608,143,6,54,2023,5,10,16,2
12,312,6.6,0,2,0,0,670,9,52,5.123,50.0,8,598.47,-25.2657,178.424,496,6,54,2023,4,28,3,13
13,699,7.1,9,7,0,0,838,9,70,2.282,58.0,8,15.46,-0.781,98.5339,451,6,20,2023,4,24,20,0
14,737,7.1,8,7,0,1,777,9,126,0.708,23.0,8,43.06,-30.0249,-177.897,191,6,54,2023,4,24,0,41
15,428,6.7,0,3,0,1,691,9,166,4.719,10.0,8,595.85,-22.2844,179.391,496,6,54,2023,4,18,4,31
16,675,7.0,5,3,0,0,818,9,131,1.881,31.0,8,594.03,-6.0255,112.033,465,6,20,2023,4,14,9,55
17,158,6.5,7,6,3,1,655,9,104,0.266,30.0,8,105.63,52.7772,158.484,497,1,40,2023,4,3,3,6
18,680,7.0,7,7,0,1,781,9,105,6.45,31.0,8,62.6,-4.2924,143.155,299,1,35,2023,4,2,18,4
19,131,6.5,4,4,0,0,656,9,97,1.622,33.0,8,209.98,-23.4797,-66.5108,389,5,3,2023,3,22,16,0
20,81,6.5,7,5,0,0,1350,9,134,2.53,13.0,8,187.59,36.5227,70.9787,172,1,0,2023,3,21,16,47
21,528,6.8,9,7,1,1,1159,9,152,0.709,28.0,8,65.84,-2.851,-79.8001,113,5,12,2023,3,18,17,12
22,678,7.0,8,5,0,1,756,9,116,1.789,22.0,8,22.06,-30.1147,-176.112,190,6,54,2023,3,16,0,56
23,605,6.9,5,5,0,1,735,9,108,0.784,18.0,8,205.68,-29.4748,-178.787,191,6,54,2023,3,4,6,41
24,133,6.5,7,6,0,1,653,9,66,5.483,45.0,8,10.0,-15.3597,166.385,352,6,54,2023,3,2,18,4
25,7,6.5,4,2,0,1,652,9,115,2.739,20.0,8,598.92,-4.8138,149.487,195,6,35,2023,3,1,5,36
26,498,6.8,9,7,0,0,737,9,128,1.783,20.0,8,20.52,38.0726,73.2077,282,1,45,2023,2,23,0,37
27,857,7.5,9,9,1,0,1411,9,135,0.85,17.0,8,10.0,38.0235,37.203,115,1,50,2023,2,6,10,24
28,350,6.7,9,8,3,0,800,9,108,0.218,44.0,8,14.5,37.4135,36.8306,309,1,50,2023,2,6,1,28
29,934,7.8,9,9,2,0,2910,9,118,1.919,32.0,8,17.92,37.2012,36.9997,84,1,50,2023,2,6,1,17
30,429,6.8,4,3,0,0,718,9,60,5.129,61.0,8,610.67,-26.7209,-63.0394,471,5,3,2023,1,20,22,9
31,630,7.0,3,5,0,1,756,9,130,1.974,17.0,7,28.57,2.7401,127.051,459,6,20,2023,1,18,6,6
32,893,7.6,5,7,0,0,957,9,114,1.575,21.0,8,105.25,-7.0852,130.039,365,6,20,2023,1,9,17,47
33,681,7.0,8,7,0,1,768,9,116,6.096,36.0,8,29.0,-14.9383,166.878,477,6,55,2023,1,8,12,32
34,433,6.8,5,5,0,1,720,9,152,2.587,26.0,8,38.0,-15.3983,-172.968,143,6,54,2022,12,4,19,24
35,634,7.0,8,7,0,1,768,9,117,0.509,17.0,8,14.0,-9.7963,159.596,250,4,42,2022,11,22,2,3
36,553,6.9,4,4,0,0,735,9,99,2.229,34.0,8,25.0,-4.9559,100.738,56,6,54,2022,11,18,13,37
37,614,7.0,3,3,0,1,755,9,147,3.125,18.0,8,579.0,-20.0508,-178.346,471,4,14,2022,11,12,7,9
38,799,7.3,5,5,0,1,833,9,149,1.865,21.0,8,37.0,-19.2918,-172.129,294,6,54,2022,11,11,10,48
39,161,6.6,0,2,0,1,670,9,131,4.998,27.0,8,624.46,-25.5948,178.278,471,6,54,2022,11,9,10,14
40,682,7.0,4,3,0,1,755,9,142,4.578,26.0,6,660.0,-26.0442,178.381,496,6,54,2022,11,9,9,51
41,529,6.8,1,3,0,1,711,9,136,4.678,22.0,8,630.38,-25.9678,178.363,496,6,54,2022,11,9,9,38
42,396,6.7,7,6,0,1,797,9,145,1.151,37.0,8,20.0,7.6712,-82.3396,64,6,34,2022,10,20,11,57
43,492,6.8,8,7,3,1,1179,9,175,2.137,92.0,8,20.0,18.33,-102.913,13,3,26,2022,9,22,6,16
44,878,7.6,9,8,3,1,1799,9,271,1.153,69.0,8,26.94,18.3667,-103.252,13,3,26,2022,9,19,18,5
45,596,6.9,9,9,3,1,887,9,215,0.401,34.0,8,10.0,23.1444,121.307,489,1,44,2022,9,18,6,44
46,143,6.5,7,7,0,1,756,9,178,0.43,54.0,8,10.0,23.029,121.348,239,1,44,2022,9,17,13,41
47,637,7.0,7,5,0,1,761,9,192,2.977,45.0,8,137.0,-21.2077,170.239,158,6,54,2022,9,14,11,4
48,885,7.6,8,8,3,1,965,9,272,3.158,12.0,8,116.0,-6.2237,146.471,175,4,35,2022,9,10,23,47
49,251,6.6,9,8,1,0,1043,9,141,8.454,34.0,8,12.0,29.7263,102.279,181,1,36,2022,9,5,4,52
50,313,6.6,7,6,0,1,672,9,68,5.293,34.0,8,30.0,-32.6922,-178.959,498,6,54,2022,8,14,13,44
51,619,7.0,9,8,3,1,1351,9,152,5.276,22.0,8,33.73,17.5978,120.809,46,1,38,2022,7,27,0,43
52,5,6.5,3,2,0,0,653,9,236,1.999,31.0,8,622.73,-9.0618,-71.1647,446,5,7,2022,6,8,0,55
53,741,7.2,7,5,0,1,876,9,144,2.494,40.0,8,236.0,-14.8628,-70.3081,34,5,37,2022,5,26,12,2
54,530,6.9,2,5,0,1,733,9,127,0.371,45.0,8,10.0,-54.1325,159.027,471,6,54,2022,5,19,10,13
55,512,6.8,6,5,0,1,762,9,162,1.505,30.0,8,220.0,-23.6141,-66.7236,389,5,3,2022,5,10,23,6
56,267,6.6,6,5,0,1,762,9,0,0.914,94.0,8,27.0,11.5538,-86.9919,254,6,54,2022,4,21,7,42
57,683,7.0,6,4,0,1,763,9,0,2.705,26.0,8,10.0,-22.5732,170.349,500,6,54,2022,3,31,5,44
58,569,6.9,6,4,0,1,738,9,0,2.697,42.0,8,10.0,-22.72,170.277,442,6,54,2022,3,30,20,56
59,401,6.7,8,7,0,1,806,9,0,0.289,32.0,8,24.0,23.3421,121.636,148,1,44,2022,3,22,17,41
60,808,7.3,9,8,2,1,2397,9,0,2.936,29.0,8,41.0,37.7015,141.587,289,6,54,2022,3,16,14,36
61,348,6.7,9,6,0,0,708,9,0,2.188,43.0,8,28.0,-0.6831,98.6034,339,1,20,2022,3,13,21,9
62,305,6.6,2,7,0,1,670,9,0,0.827,46.0,8,24.0,-30.0528,-177.74,191,6,54,2022,3,2,12,52
63,529,6.8,2,3,0,1,712,9,0,5.78,12.0,8,535.0,-23.7852,-179.968,496,6,54,2022,2,16,20,21
64,94,6.5,8,6,0,0,690,9,0,3.026,22.0,8,110.0,-4.455,-76.9395,49,5,37,2022,2,3,15,58
65,150,6.5,7,4,0,1,651,9,0,1.088,57.0,8,8.0,-29.535,-176.729,190,6,54,2022,1,29,2,46
66,289,6.6,8,6,0,0,785,9,0,2.418,22.0,8,33.0,-6.9291,105.251,219,6,20,2022,1,14,9,5
67,116,6.5,0,3,0,1,650,1,97,1.616,108.0,0,37.0,52.502,-168.08,302,6,54,2022,1,11,12,39
68,116,6.5,0,3,0,1,650,8,23,0.0,208.8,0,37.0,52.502,-168.08,302,6,54,2022,1,11,12,39
69,266,6.6,8,5,0,1,674,9,0,0.507,49.0,8,19.0,52.6252,-168.15,302,6,54,2022,1,11,12,39
70,414,6.7,0,4,0,1,691,1,50,0.937,126.0,0,33.0,52.48,-167.736,302,6,54,2022,1,11,11,35
71,414,6.7,0,4,0,1,691,8,20,0.0,205.2,0,33.0,52.48,-167.736,302,6,54,2022,1,11,11,35
72,430,6.8,7,6,0,1,730,9,0,0.92,61.0,8,20.0,52.6563,-167.917,302,6,54,2022,1,11,11,35
73,256,6.6,6,6,0,0,976,9,0,1.168,21.0,8,21.0,35.1456,31.9095,370,1,54,2022,1,11,1,7
74,311,6.6,9,8,1,0,1012,9,0,2.685,13.0,8,13.0,37.8167,101.299,493,1,36,2022,1,7,17,45
75,788,7.3,8,7,0,0,921,9,0,3.713,19.0,8,165.49,-7.5924,127.581,236,6,20,2021,12,29,18,25
76,814,7.3,9,5,0,1,854,9,0,1.025,32.0,8,14.27,-7.6033,122.2,125,1,20,2021,12,14,3,20
77,858,7.5,8,8,3,1,1094,9,0,4.951,40.0,8,126.0,-4.4898,-76.8461,49,5,37,2021,11,28,10,52
78,203,6.6,7,4,0,1,688,9,0,3.259,15.0,8,12.0,23.5414,126.48,145,6,54,2021,11,10,15,45
79,532,6.9,8,6,0,1,995,0,0,0.0,0.0,8,51.6,56.2581,-156.492,89,3,53,2021,10,11,9,10
80,611,6.9,4,3,0,1,740,9,0,4.778,31.0,8,535.0,-21.1704,174.54,478,6,54,2021,10,9,10,58
81,820,7.3,4,4,0,1,826,9,0,4.493,32.0,8,527.0,-21.1036,174.895,478,6,54,2021,10,2,6,29
82,124,6.5,7,5,0,1,684,9,0,0.993,114.0,8,21.0,12.1598,-87.8542,169,6,54,2021,9,22,9,57
83,677,7.0,8,8,2,1,2504,9,0,0.07,43.0,8,20.0,16.9502,-99.7877,9,3,26,2021,9,8,1,47
84,738,7.1,1,4,0,1,776,9,0,9.799,32.0,8,6.0,-60.3026,-24.9992,430,6,2,2021,8,22,21,33
85,309,6.6,1,3,0,1,670,9,0,8.865,19.0,8,7.0,-60.1023,-24.4608,430,6,2,2021,8,22,0,45
86,546,6.9,8,7,0,1,741,9,0,0.579,54.0,8,93.0,-14.892,167.085,352,4,55,2021,8,18,10,10
87,608,6.9,6,4,0,1,734,9,0,8.363,48.0,8,16.7,-58.3814,-23.3318,430,6,54,2021,8,16,11,10
88,780,7.2,9,8,2,1,2331,9,0,1.178,23.0,8,10.0,18.3521,-73.4804,303,3,17,2021,8,14,12,29
89,540,6.9,5,4,0,1,738,0,0,0.0,0.0,8,33.3,55.2364,-157.707,342,6,54,2021,8,14,11,57
90,537,6.9,5,4,0,1,738,9,0,1.173,36.0,8,20.74,55.2657,-157.68,342,6,54,2021,8,14,11,57
91,964,8.1,0,7,0,0,1009,9,0,7.463,78.0,8,22.79,-58.4157,-25.3206,430,6,54,2021,8,12,18,35
92,867,7.5,9,6,0,1,868,9,0,7.227,38.0,8,47.23,-57.5959,-25.1874,430,6,54,2021,8,12,18,32
93,723,7.1,9,7,0,1,846,9,0,1.273,25.0,8,55.14,6.4547,126.742,348,6,54,2021,8,11,17,46
94,969,8.2,8,6,0,1,1237,9,0,0.875,66.0,8,46.66,55.4742,-157.917,342,6,54,2021,7,29,6,15
95,971,8.2,8,7,3,1,1252,0,0,0.0,0.0,8,35.0,55.3154,-157.829,342,6,54,2021,7,29,6,15
96,343,6.7,8,5,0,1,935,9,0,8.139,12.0,8,110.0,13.6989,120.713,149,1,38,2021,7,23,20,48
97,404,6.7,6,6,0,1,830,9,0,1.395,61.0,8,10.0,7.5904,-82.8813,75,6,54,2021,7,21,21,15
98,151,6.5,0,4,0,1,650,9,0,7.994,24.0,8,25.0,-30.2144,-177.773,191,6,54,2021,6,20,17,5
99,59,6.5,5,7,0,1,652,9,0,4.518,44.0,8,10.0,-16.4796,-177.356,18,6,54,2021,5,21,22,13
100,819,7.3,9,9,1,0,1025,9,0,4.655,9.0,8,10.0,34.5861,98.2551,432,1,36,2021,5,21,18,4
101,367,6.7,8,4,0,0,698,9,0,1.487,37.0,8,11.0,0.1684,96.6475,423,6,54,2021,5,14,6,33
102,423,6.7,9,3,0,0,694,9,0,10.669,45.0,8,10.0,-17.2495,66.3745,261,6,54,2021,5,12,14,5
103,530,6.9,7,6,0,1,919,9,0,2.619,35.0,8,43.0,38.2296,141.665,471,1,23,2021,5,1,1,27
104,47,6.5,4,4,0,0,651,9,0,5.931,20.0,8,246.0,-21.6857,-177.064,139,6,54,2021,4,25,22,28
105,50,6.5,6,4,0,0,652,9,0,10.405,19.0,8,301.0,-18.9204,-176.235,334,6,54,2021,4,24,0,23
106,651,7.0,7,7,3,1,1052,9,0,2.378,35.0,8,43.0,38.4752,141.607,161,1,23,2021,3,20,9,9
107,201,6.6,5,5,0,1,672,9,0,3.183,18.0,8,13.23,54.7018,163.208,472,6,54,2021,3,16,18,38
108,150,6.5,0,4,0,0,650,9,0,11.764,25.0,6,24.0,-28.4792,-176.619,190,6,54,2021,3,4,23,12
109,963,8.1,9,8,0,1,1021,9,0,0.739,21.0,8,28.93,-29.7466,-177.224,191,6,54,2021,3,4,19,28
110,839,7.4,3,7,0,1,843,9,0,0.437,30.0,8,43.0,-29.6131,-177.842,191,6,54,2021,3,4,17,41
111,794,7.3,7,6,0,1,932,9,0,0.918,24.0,8,10.0,-37.596,179.544,130,6,54,2021,3,4,13,27
112,727,7.1,9,8,1,1,1612,9,0,3.085,11.0,8,43.98,37.6856,141.992,289,6,54,2021,2,13,14,7
113,916,7.7,9,4,0,1,918,9,0,7.989,15.0,8,10.0,-23.2787,171.489,500,6,54,2021,2,10,13,19
114,609,6.9,9,5,0,1,739,9,0,1.55,16.0,8,15.0,-61.8484,-55.559,431,6,2,2021,1,23,23,36
115,638,7.0,7,5,0,1,802,9,0,2.821,15.0,8,80.0,5.0074,127.517,348,6,54,2021,1,21,12,23
116,371,6.7,8,8,0,0,776,9,0,2.043,22.0,8,10.0,51.2407,100.443,468,1,27,2021,1,11,21,32
117,341,6.7,5,5,0,1,776,9,0,1.319,19.0,8,10.0,-39.3264,-74.9067,101,6,54,2020,12,27,21,39
118,626,7.0,8,7,1,0,1527,9,0,1.518,18.0,8,21.0,37.8973,26.7953,313,2,15,2020,10,30,11,51
119,891,7.6,9,7,3,1,1165,9,0,0.23,36.0,8,28.37,54.662,-159.675,403,3,53,2020,10,19,20,54
120,612,6.9,0,3,0,1,732,9,0,11.255,16.0,8,10.0,0.9604,-26.8332,491,6,54,2020,9,18,21,43
121,140,6.5,6,6,0,0,674,9,0,0.388,49.0,8,16.0,-27.9285,-71.3937,474,6,54,2020,9,1,21,9
122,513,6.8,6,7,0,1,824,9,0,0.312,69.0,8,21.0,-28.013,-71.1958,474,6,9,2020,9,1,4,9
123,157,6.5,4,5,0,0,651,9,0,15.394,31.0,8,10.0,0.8696,-29.7046,491,6,54,2020,8,30,21,20
124,557,6.9,4,3,0,0,749,9,0,2.267,20.0,8,624.0,-6.6704,123.493,184,6,20,2020,8,21,4,9
125,535,6.9,4,4,0,0,735,9,0,1.716,25.0,8,26.0,-4.2791,101.215,56,6,20,2020,8,18,22,29
126,447,6.8,5,4,0,0,716,9,0,1.816,34.0,8,22.0,-4.3724,101.095,56,6,20,2020,8,18,22,23
127,183,6.6,9,8,3,1,784,9,0,5.128,14.0,8,10.0,12.0065,124.13,399,6,38,2020,8,18,0,3
128,932,7.8,9,7,0,1,1111,9,0,0.621,60.0,8,28.0,55.1079,-158.477,342,6,54,2020,7,22,6,12
129,621,7.0,6,7,0,1,820,9,0,1.671,18.0,8,73.0,-7.847,147.755,349,6,35,2020,7,17,2,50
130,298,6.6,4,2,0,0,684,9,0,1.458,14.0,8,533.76,-5.6368,110.678,51,6,20,2020,7,6,22,54
131,838,7.4,8,8,1,1,1494,9,0,0.151,30.0,8,20.0,15.9163,-95.9533,407,3,26,2020,6,23,15,29
132,840,7.4,7,7,0,1,873,9,0,4.035,23.0,8,10.0,-33.2938,-177.838,498,6,54,2020,6,18,12,49
133,185,6.6,5,4,0,1,734,9,0,2.015,18.0,8,165.0,28.9386,128.262,292,6,54,2020,6,13,15,51
134,484,6.8,6,6,0,1,835,9,0,1.164,21.0,8,112.0,-23.2966,-68.4204,398,5,9,2020,6,3,7,35
135,152,6.5,7,8,0,0,1320,6,27,0.357,55.79,3,2.7,38.1689,-117.85,278,3,53,2020,5,15,11,3
136,202,6.6,4,6,0,1,671,9,0,3.403,12.0,8,107.0,-12.0662,166.648,224,6,54,2020,5,12,22,41
137,525,6.8,4,6,0,0,738,9,0,1.921,16.0,8,96.0,-6.7762,129.785,44,6,20,2020,5,6,13,53
138,137,6.5,7,6,0,0,678,9,0,1.293,19.0,8,10.0,34.1818,25.7101,312,6,54,2020,5,2,12,51
139,155,6.5,8,8,0,0,1410,9,0,0.885,31.0,8,12.06,44.4646,-115.118,433,3,53,2020,3,31,23,52
140,851,7.5,6,5,0,1,879,9,0,4.109,12.0,8,57.8,48.9638,157.695,417,6,54,2020,3,25,2,49
141,672,7.0,5,6,3,1,770,9,0,4.501,25.0,8,143.0,45.6161,148.959,209,1,39,2020,2,13,10,33
142,896,7.7,9,6,3,1,1812,9,0,1.657,26.0,8,14.86,19.4193,-78.756,237,6,54,2020,1,28,19,10
143,335,6.7,8,9,1,0,1247,9,0,0.87,49.0,8,10.0,38.4312,39.0609,110,1,49,2020,1,24,17,55
144,500,6.8,9,7,3,1,825,9,0,0.546,39.0,8,18.0,6.6969,125.174,248,6,38,2019,12,15,6,11
145,692,7.1,6,6,0,1,799,9,0,1.271,11.0,8,33.0,1.6213,126.416,62,6,20,2019,11,14,16,17
146,36,6.5,0,2,0,0,650,9,0,4.765,25.0,8,577.0,-21.9449,-179.511,293,6,54,2019,11,8,10,44
147,189,6.6,4,4,0,1,673,9,0,5.086,48.0,8,10.0,-18.5747,-175.272,294,6,54,2019,11,4,22,43
148,62,6.5,9,7,0,1,733,9,0,0.428,19.0,8,10.0,6.9098,125.178,198,6,38,2019,10,31,1,11
149,163,6.6,9,7,3,1,780,9,0,0.646,24.0,8,15.0,6.7567,125.008,96,6,38,2019,10,29,1,4
150,403,6.7,7,6,0,1,844,9,0,1.269,98.0,8,11.0,-35.4758,-73.163,97,6,54,2019,9,29,15,57
151,18,6.5,7,7,3,1,656,9,0,3.909,15.0,8,12.26,-3.4528,128.37,176,6,20,2019,9,25,23,46
152,241,6.6,2,3,0,1,671,9,0,4.121,19.0,8,591.0,-20.3641,-178.57,293,6,14,2019,9,1,15,54
153,187,6.6,0,4,0,1,670,9,0,12.896,19.0,8,16.0,-60.2152,-26.5801,70,6,52,2019,8,27,23,55
154,544,6.9,4,6,0,0,875,9,0,2.839,23.0,8,49.0,-7.2822,104.791,219,6,54,2019,8,2,12,3
155,518,6.8,6,6,0,1,947,9,0,0.817,35.0,8,25.0,-34.2364,-72.3102,390,6,54,2019,8,1,18,28
156,272,6.6,0,4,0,1,670,9,0,6.024,30.0,8,181.0,-16.1985,167.998,222,6,55,2019,7,31,15,2
157,775,7.2,7,7,0,1,809,9,0,1.504,38.0,8,18.98,-0.5858,128.034,221,6,20,2019,7,14,9,10
158,211,6.6,5,5,0,0,791,9,0,2.978,32.0,8,10.0,-18.2242,120.358,71,6,54,2019,7,14,5,39
159,539,6.9,7,5,0,0,747,9,0,1.205,21.0,8,35.0,0.5126,126.189,205,6,20,2019,7,7,15,8
160,700,7.1,9,9,3,0,1646,2,77,0.046,43.0,5,8.0,35.7695,-117.599,415,3,53,2019,7,6,3,19
161,803,7.3,4,6,0,1,952,9,0,2.629,16.0,8,212.0,-6.4078,129.169,412,6,20,2019,6,24,2,53
162,786,7.3,8,6,0,1,830,9,0,1.402,11.0,8,46.0,-30.6441,-178.1,213,6,54,2019,6,15,22,55
163,238,6.6,7,6,3,1,886,9,0,1.193,22.0,8,57.92,13.1994,-89.3056,215,6,54,2019,5,30,9,3
164,959,8.0,9,8,1,1,1890,9,0,3.18,17.0,8,122.57,-5.8119,-75.2697,291,5,37,2019,5,26,7,41
165,881,7.6,7,7,0,1,929,9,0,0.453,16.0,8,10.0,-4.051,152.597,288,6,35,2019,5,14,12,58
166,715,7.1,7,6,3,1,826,9,0,2.514,16.0,8,146.0,-6.9746,146.449,73,6,35,2019,5,6,21,19
167,522,6.8,5,6,0,1,717,9,0,0.791,28.0,8,15.46,-1.8146,122.58,241,6,20,2019,4,12,11,40
168,130,6.5,0,5,0,1,650,9,0,7.568,18.0,8,38.0,-58.6262,-25.304,70,6,54,2019,4,9,17,53
169,639,7.0,7,4,0,1,869,9,0,2.501,42.0,8,267.0,-14.7131,-70.1546,34,5,37,2019,3,1,8,50
170,842,7.5,7,7,3,1,1145,9,0,2.045,15.0,8,145.0,-2.1862,-77.0505,330,5,12,2019,2,22,10,17
171,389,6.7,6,6,3,1,909,9,0,0.289,43.0,8,66.0,14.6802,-92.4527,362,6,26,2019,2,1,16,14
172,425,6.7,0,3,0,0,691,9,0,7.527,17.0,8,13.0,-43.1219,42.3568,357,6,54,2019,1,22,19,1
173,314,6.7,8,8,1,1,1600,9,0,0.173,22.0,8,63.0,-30.0404,-71.3815,100,5,9,2019,1,20,1,32
174,296,6.6,5,4,0,1,671,9,0,7.818,18.0,8,35.0,-13.336,166.875,427,6,55,2019,1,15,18,6
175,306,6.6,2,4,0,1,672,9,0,1.596,33.0,8,43.21,2.258,126.758,277,6,20,2019,1,6,17,27
176,516,6.8,3,3,0,0,715,9,0,1.181,16.0,8,570.41,-8.144,-71.587,445,5,7,2019,1,5,19,25
177,674,7.0,5,5,0,1,803,9,0,1.769,21.0,8,60.21,5.8983,126.921,348,6,54,2018,12,29,3,39
178,795,7.3,3,7,0,1,822,9,0,4.126,23.0,8,16.56,55.0999,164.699,472,6,54,2018,12,20,17,1
179,738,7.1,0,5,0,1,776,9,0,7.043,20.0,8,133.0,-58.5446,-26.3856,430,6,43,2018,12,11,2,26
180,207,6.6,0,4,0,1,670,9,0,2.679,31.0,8,10.0,-22.0629,169.733,442,6,54,2018,12,5,6,43
181,848,7.5,3,6,0,1,871,9,0,2.405,18.0,8,10.0,-21.9496,169.427,442,6,54,2018,12,5,4,18
182,685,7.1,8,8,1,1,1790,0,0,0.0,0.0,5,46.7,61.3464,-149.955,347,3,53,2018,11,30,17,29
183,458,6.8,0,3,0,1,711,9,0,2.879,39.0,8,540.0,-17.8735,-178.927,229,6,14,2018,11,18,20,25
184,328,6.7,3,4,0,1,693,9,0,7.853,19.0,8,10.0,71.6312,-11.2431,319,6,54,2018,11,9,1,49
185,475,6.8,8,7,3,0,954,9,0,2.268,15.0,8,14.0,37.5203,20.5565,233,2,54,2018,10,25,22,54
186,54,6.5,2,4,0,0,655,9,0,1.692,68.0,8,10.0,49.297,-129.724,351,6,54,2018,10,22,6,22
187,461,6.8,4,4,0,1,776,9,0,1.505,36.0,8,10.0,49.3346,-129.289,351,6,54,2018,10,22,6,16
188,49,6.5,3,4,0,1,669,9,0,1.611,63.0,8,10.0,49.2586,-129.412,351,6,54,2018,10,22,5,39
189,38,6.5,0,4,0,1,650,9,0,2.109,22.0,8,17.0,-21.7427,169.522,442,6,54,2018,10,16,1,3
190,368,6.7,0,3,0,1,691,9,0,2.705,17.0,8,461.0,52.8549,153.243,321,6,54,2018,10,13,11,10
191,34,6.5,0,4,0,1,650,9,0,3.923,14.0,8,20.0,49.2902,156.297,417,6,54,2018,10,10,23,16
192,624,7.0,6,6,0,1,758,9,0,1.778,18.0,8,39.0,-5.7012,151.205,195,6,35,2018,10,10,20,48
193,369,6.7,2,3,0,1,691,9,0,3.745,23.0,8,550.0,-18.3604,-178.063,229,6,14,2018,9,30,10,52
194,862,7.5,8,8,2,0,2026,9,0,1.649,13.0,8,20.0,-0.2559,119.846,331,6,20,2018,9,28,10,2
195,159,6.5,4,1,0,0,651,9,0,5.139,18.0,8,576.0,-25.415,178.199,496,6,54,2018,9,16,21,11
196,604,6.9,3,4,0,0,735,9,0,2.785,18.0,8,115.0,-31.7447,-179.373,190,6,54,2018,9,10,4,19
197,112,6.5,3,6,0,1,651,9,0,1.638,25.0,8,68.0,-10.0207,161.503,197,6,42,2018,9,9,19,31
198,944,7.9,7,4,0,1,979,9,0,1.431,12.0,8,670.81,-18.4743,179.35,229,6,14,2018,9,6,15,49
199,230,6.6,8,9,1,1,1075,9,0,1.13,32.0,8,35.0,42.6861,141.929,92,1,23,2018,9,5,18,7
200,703,7.1,2,5,0,1,776,9,0,2.548,23.0,8,21.43,-22.0295,170.126,442,6,54,2018,8,29,3,51
201,689,7.1,0,3,0,0,776,9,0,3.77,12.0,8,630.0,-11.0355,-70.8284,165,5,37,2018,8,24,9,4
202,119,6.5,6,7,0,1,652,9,0,4.797,10.0,8,9.0,-16.0315,168.143,222,6,55,2018,8,21,22,32
203,805,7.3,8,6,3,1,1570,9,0,1.822,15.0,8,146.82,10.7731,-62.9019,82,6,56,2018,8,21,21,31
204,551,6.9,7,7,0,0,1206,9,0,2.453,31.0,8,21.0,-8.319,116.627,218,6,20,2018,8,19,14,56
205,968,8.2,5,4,0,1,1050,9,0,3.63,13.0,8,600.0,-18.1125,-178.153,229,6,14,2018,8,19,0,19
206,22,6.5,5,3,0,0,743,9,0,2.719,23.0,8,529.0,-7.3718,119.802,217,6,20,2018,8,17,15,35
207,9,6.5,6,6,0,1,655,9,0,0.576,22.0,8,33.93,51.4234,-178.026,11,3,53,2018,8,15,21,56
208,573,6.9,9,8,1,0,1704,9,0,2.271,15.0,8,34.0,-8.2581,116.438,218,6,20,2018,8,5,11,46
209,547,6.9,7,8,3,1,1392,4,63,0.11,210.0,5,5.81,19.3182,-155.0,228,6,53,2018,5,4,22,32
210,480,6.8,5,3,0,0,733,9,0,5.32,16.0,8,559.0,-20.6588,-63.0058,68,5,5,2018,4,2,13,40
211,542,6.9,9,6,0,1,741,9,0,1.487,18.0,8,35.0,-5.5321,151.5,195,6,35,2018,3,29,21,25
212,339,6.7,5,6,0,1,696,9,0,1.507,15.0,8,40.0,-5.5024,151.402,195,6,35,2018,3,26,9,51
213,431,6.8,6,6,0,1,719,9,0,1.049,16.0,8,22.86,-4.3762,153.2,201,6,35,2018,3,8,17,39
214,398,6.7,8,7,0,1,697,9,0,5.457,19.0,8,20.49,-6.3043,142.612,447,6,35,2018,3,6,14,13
215,854,7.5,9,8,3,1,943,9,0,5.48,17.0,8,25.21,-6.0699,142.754,447,6,35,2018,2,25,17,44
216,759,7.2,7,7,3,1,1384,9,0,0.142,82.0,8,22.0,16.3855,-97.9787,344,3,26,2018,2,16,23,39
217,942,7.9,9,4,0,1,1870,9,0,2.585,30.0,8,14.06,56.0039,-149.166,90,6,54,2018,1,23,9,31
218,718,7.1,9,7,0,1,1075,9,0,4.29,23.0,8,39.0,-15.7675,-74.7092,28,6,37,2018,1,14,9,18
219,849,7.5,8,5,0,1,1623,9,0,4.581,12.0,8,19.0,17.4825,-83.52,48,6,54,2018,1,10,2,51
220,20,6.5,8,7,0,0,998,9,0,2.365,28.0,8,90.0,-7.4921,108.174,187,6,20,2017,12,15,16,47
221,145,6.5,1,5,0,1,651,9,0,17.654,23.0,8,17.0,-54.2189,2.1628,67,6,54,2017,12,13,18,3
222,670,7.0,4,6,0,1,771,9,0,0.617,14.0,8,10.0,-21.3246,168.671,442,6,54,2017,11,19,22,43
223,280,6.6,4,5,0,1,676,9,0,0.529,21.0,8,13.0,-21.5027,168.598,442,6,54,2017,11,19,15,9
224,42,6.5,8,8,3,1,1153,9,0,0.225,37.0,8,19.36,9.5147,-84.4865,340,6,11,2017,11,13,2,28
225,801,7.3,8,9,2,0,2790,9,0,0.284,33.0,8,19.0,34.9109,45.9592,2,1,21,2017,11,12,18,18
226,115,6.5,6,5,0,1,661,9,0,4.449,10.0,8,110.57,-4.2433,143.485,22,6,35,2017,11,7,21,26
227,519,6.8,5,5,0,1,727,9,0,4.852,21.0,8,10.0,-15.3197,-173.168,143,6,54,2017,11,4,9,0
228,166,6.6,3,5,0,1,674,9,0,0.788,29.0,8,22.0,-21.6484,168.859,442,6,54,2017,11,1,2,23
229,337,6.7,3,4,0,1,691,9,0,1.062,55.0,8,24.0,-21.6971,169.148,442,6,54,2017,10,31,0,42
230,352,6.7,3,3,0,0,694,9,0,1.634,16.0,8,553.81,-7.2168,123.074,260,6,20,2017,10,24,10,47
231,57,6.5,3,5,0,1,651,9,0,1.154,11.0,8,119.0,52.3909,176.769,31,3,54,2017,10,8,22,34
232,684,7.1,9,8,0,0,1686,9,0,0.984,23.0,8,48.0,18.5499,-98.4887,258,3,26,2017,9,19,18,14
233,972,8.2,9,7,2,1,2910,9,0,0.944,22.0,8,47.39,15.0222,-93.8993,88,6,54,2017,9,8,4,49
234,37,6.5,5,7,3,0,707,9,0,11.411,22.0,8,9.0,33.1926,103.855,263,1,36,2017,8,8,13,19
235,172,6.6,7,7,3,0,1064,9,0,0.913,16.0,8,7.0,36.9293,27.4139,204,1,49,2017,7,20,22,31
236,913,7.7,8,7,0,1,918,9,0,3.564,13.0,8,10.0,54.4434,168.857,202,6,54,2017,7,17,23,34
237,304,6.6,5,4,0,1,704,9,0,3.773,37.0,8,10.0,-49.4837,164.016,32,6,54,2017,7,11,7,0
238,46,6.5,9,8,3,1,740,9,0,4.139,30.0,8,9.0,11.1269,124.629,231,6,38,2017,7,6,8,3
239,470,6.8,6,6,3,1,1034,9,0,1.065,38.0,8,38.12,13.7174,-90.9718,363,6,54,2017,6,22,12,31
240,550,6.9,8,6,3,1,1188,9,0,0.247,35.0,8,93.0,14.9091,-92.0092,397,6,16,2017,6,14,7,29
241,460,6.8,0,4,0,1,711,9,0,2.308,12.0,8,5.0,54.0312,170.92,31,6,54,2017,6,2,22,24
242,243,6.6,7,7,0,0,678,9,0,2.353,18.0,8,12.0,-1.2923,120.431,354,6,20,2017,5,29,14,35
243,154,6.5,0,4,0,1,650,9,0,6.489,17.0,8,15.0,-56.414,-25.7432,430,6,54,2017,5,10,23,23
244,493,6.8,6,5,0,1,713,9,0,7.495,19.0,8,169.0,-14.5884,167.377,352,6,55,2017,5,9,13,52
245,570,6.9,9,6,0,1,814,9,0,1.636,14.0,8,26.0,5.5043,125.066,74,6,38,2017,4,28,20,23
246,577,6.9,9,7,3,1,1642,9,0,0.356,39.0,8,28.0,-33.0375,-72.0617,475,6,54,2017,4,24,21,38
247,28,6.5,7,8,0,0,1297,9,0,2.36,15.0,8,29.0,-22.6784,25.1558,276,0,6,2017,4,3,17,40
248,291,6.6,6,7,3,1,671,9,0,4.591,14.0,8,17.0,56.9401,162.786,472,1,39,2017,3,29,4,9
249,613,6.9,2,3,0,1,733,9,0,6.012,19.0,8,414.5,-23.2593,-178.804,496,6,54,2017,2,24,17,28
250,82,6.5,3,3,0,0,653,9,0,4.242,14.0,8,595.98,-19.2814,-63.9047,326,5,5,2017,2,21,14,9
251,11,6.5,8,7,3,1,718,9,0,2.822,36.0,8,15.0,9.9071,125.452,243,6,38,2017,2,10,14,3
252,943,7.9,9,7,3,1,987,9,0,3.625,9.0,8,135.0,-6.2464,155.172,335,6,35,2017,1,22,4,30
253,111,6.5,6,6,0,1,654,9,0,1.64,21.0,8,36.0,-10.3506,161.335,197,6,42,2017,1,19,23,4
254,796,7.3,6,3,0,1,849,9,0,3.813,18.0,8,627.17,4.4782,122.617,440,6,54,2017,1,10,6,13
255,558,6.9,6,4,0,1,742,9,0,2.495,13.0,8,12.0,-19.3733,176.052,285,6,54,2017,1,3,21,52
256,880,7.6,9,8,3,1,1152,9,0,0.355,29.0,8,38.0,-43.4064,-73.9413,373,5,9,2016,12,25,14,22
257,345,6.7,5,5,0,0,726,9,0,3.38,17.0,8,152.0,-7.5082,127.921,236,6,20,2016,12,21,0,17
258,939,7.9,9,7,3,1,972,9,0,1.389,13.0,8,94.54,-4.5049,153.522,201,6,35,2016,12,17,10,51
259,598,6.9,8,6,0,1,737,9,0,1.747,26.0,8,19.73,-10.749,161.132,197,6,54,2016,12,9,19,10
260,121,6.5,0,5,0,0,650,9,0,1.937,18.0,8,12.26,-10.8416,161.314,197,6,54,2016,12,8,21,56
261,929,7.8,9,8,0,1,961,9,0,1.836,13.0,8,40.0,-10.6812,161.327,197,6,42,2016,12,8,17,38
262,199,6.6,5,4,0,1,1120,9,0,1.405,55.0,8,8.45,40.4535,-126.194,122,6,54,2016,12,8,14,49
263,31,6.5,9,8,3,0,731,9,0,0.778,27.0,8,13.0,5.2834,96.1678,379,6,20,2016,12,6,22,3
264,177,6.6,8,7,0,0,693,9,0,1.697,20.0,8,17.0,39.2732,73.9776,282,1,36,2016,11,25,14,24
265,545,6.9,5,4,0,1,855,9,0,1.796,20.0,8,10.0,11.9097,-88.8968,361,6,54,2016,11,24,18,43
266,571,6.9,9,6,0,1,1144,9,0,0.671,10.0,8,9.0,37.3931,141.387,289,1,54,2016,11,21,20,59
267,118,6.5,7,7,3,1,664,9,0,0.283,56.0,8,9.0,-42.6058,173.254,20,6,31,2016,11,14,0,34
268,139,6.5,6,7,3,1,656,9,0,0.135,58.0,8,10.0,-42.3205,173.669,63,6,31,2016,11,13,11,32
269,927,7.8,9,9,1,1,1545,9,0,0.481,21.0,8,15.11,-42.7373,173.054,20,6,31,2016,11,13,11,2
270,258,6.6,9,8,2,0,2840,9,0,0.174,25.0,8,8.0,42.8621,13.0961,356,2,22,2016,10,30,6,40
271,194,6.6,3,3,0,0,677,9,0,2.022,16.0,8,614.0,-4.8626,108.163,332,6,20,2016,10,19,0,26
272,505,6.8,3,6,0,1,716,9,0,3.727,11.0,8,42.0,-6.0033,148.887,180,6,35,2016,10,17,6,14
273,602,6.9,2,3,0,1,733,9,0,4.051,9.0,8,596.4,-19.7819,-178.244,123,6,14,2016,9,24,21,28
274,633,7.0,5,6,0,1,897,9,0,0.698,21.0,8,19.0,-37.3586,179.146,130,6,54,2016,9,1,16,37
275,514,6.8,4,3,0,1,713,9,0,0.803,12.0,8,476.0,-3.6849,152.792,376,6,35,2016,8,31,3,11
276,468,6.8,6,6,3,0,981,9,0,1.802,17.0,8,82.0,20.9228,94.569,87,1,29,2016,8,24,10,34
277,784,7.2,6,5,0,1,799,9,0,4.823,14.0,8,16.37,-22.4765,173.117,500,6,54,2016,8,12,1,26
278,914,7.7,5,6,0,1,971,9,0,3.294,14.0,8,196.0,18.5429,145.507,327,6,54,2016,7,29,21,18
279,290,6.6,4,6,0,0,671,9,0,2.435,16.0,8,50.0,-2.0967,100.665,439,6,20,2016,6,1,22,56
280,781,7.2,1,6,0,1,798,9,0,5.803,24.0,8,78.0,-56.2409,-26.9353,430,6,54,2016,5,28,9,46
281,530,6.9,3,3,0,1,733,9,0,5.485,19.0,8,405.69,-21.9724,-178.204,471,6,54,2016,5,28,5,38
282,561,6.9,8,7,0,1,780,9,0,1.192,17.0,8,29.95,0.4947,-79.616,382,5,12,2016,5,18,16,46
283,376,6.7,5,7,0,1,744,9,0,1.352,21.0,8,16.0,0.4261,-79.7899,281,5,12,2016,5,18,7,57
284,650,7.0,7,7,0,1,755,9,0,0.616,14.0,8,24.0,-16.0429,167.379,307,6,55,2016,4,28,19,33
285,926,7.8,9,9,1,1,1163,9,0,1.44,15.0,8,20.59,0.3819,-79.9218,281,5,12,2016,4,16,23,58
286,662,7.0,9,9,2,1,2074,9,0,0.349,32.0,8,10.0,32.7906,130.754,206,1,23,2016,4,15,16,25
287,587,6.9,6,6,3,0,903,9,0,3.001,14.0,8,136.0,23.0944,94.8654,262,1,29,2016,4,13,13,55
288,248,6.6,6,4,0,0,738,9,0,0.789,17.0,8,212.0,36.4725,71.1311,26,1,0,2016,4,10,10,28
289,319,6.7,7,5,0,1,692,9,0,6.787,25.0,8,27.59,-13.9805,166.594,427,6,55,2016,4,7,3,32
290,317,6.7,7,6,0,1,691,9,0,6.697,19.0,8,24.0,-14.0683,166.624,427,6,55,2016,4,6,6,58
291,592,6.9,7,6,0,1,734,9,0,1.166,25.0,8,26.0,-14.3235,166.855,352,6,55,2016,4,3,8,23
292,936,7.8,4,3,0,0,948,9,0,7.009,20.0,8,24.0,-4.9521,94.3299,437,6,54,2016,3,2,12,49
293,773,7.2,3,7,0,1,799,9,0,0.958,17.0,8,177.0,53.9776,158.546,270,1,39,2016,1,30,3,25
294,720,7.1,7,7,0,1,1496,0,0,0.0,0.0,5,125.6,59.6204,-153.339,341,3,53,2016,1,24,10,30
295,212,6.6,3,4,0,1,673,9,0,2.413,74.0,8,10.0,18.8239,-106.934,214,6,54,2016,1,21,18,6
296,391,6.7,5,6,0,1,717,9,0,0.281,22.0,8,46.0,41.9723,142.781,421,1,23,2016,1,14,3,25
297,51,6.5,3,6,0,1,651,9,0,3.144,22.0,8,13.0,3.8965,126.862,410,6,20,2016,1,11,16,38
298,372,6.7,8,7,1,0,1515,9,0,1.794,16.0,8,55.0,24.8036,93.6505,152,1,19,2016,1,3,23,5
299,245,6.6,8,6,0,1,765,9,0,0.41,35.0,8,85.0,15.8015,-93.633,253,6,26,2015,12,17,19,49
300,531,6.9,8,5,0,0,738,9,0,2.979,14.0,8,21.0,-4.1064,129.508,19,6,20,2015,12,9,10,21
301,743,7.2,4,7,0,0,827,9,0,1.116,18.0,8,22.0,38.2107,72.7797,282,1,45,2015,12,7,7,50
302,330,6.7,2,3,0,0,691,9,0,2.033,19.0,8,602.75,-9.1825,-71.2574,446,5,7,2015,11,26,5,45
303,874,7.6,5,4,0,0,896,9,0,2.852,10.0,8,620.56,-10.0598,-71.0184,165,5,37,2015,11,24,22,50
304,872,7.6,6,5,0,1,957,9,0,3.287,10.0,8,606.21,-10.5372,-70.9437,165,5,37,2015,11,24,22,45
305,451,6.8,5,6,0,1,715,9,0,1.599,19.0,8,12.59,-8.8994,158.422,72,6,42,2015,11,18,18,31
306,45,6.5,7,7,1,0,1018,9,0,0.0,0.0,8,11.0,38.67,20.6,227,2,15,2015,11,17,7,10
307,340,6.7,5,4,0,0,702,9,0,1.444,17.0,8,12.0,31.0009,128.873,249,6,54,2015,11,13,20,51
308,594,6.9,5,6,0,0,744,9,0,0.821,43.0,8,10.0,-29.5097,-72.0585,100,6,54,2015,11,11,2,46
309,590,6.9,6,6,0,1,761,9,0,0.784,32.0,8,12.0,-29.5067,-72.0068,100,6,54,2015,11,11,1,54
310,307,6.6,7,4,0,0,675,9,0,2.792,31.0,8,10.0,6.8431,94.648,301,6,54,2015,11,8,16,47
311,481,6.8,7,7,0,1,841,9,0,0.258,41.0,8,46.0,-30.8796,-71.4519,320,5,9,2015,11,7,7,31
312,91,6.5,5,7,0,0,657,9,0,1.53,21.0,8,20.0,-8.3381,124.875,259,6,20,2015,11,4,3,44
313,864,7.5,8,7,1,0,1448,9,0,0.622,18.0,8,231.0,36.5244,70.3676,144,1,0,2015,10,26,9,9
314,713,7.1,6,6,0,1,780,9,0,0.592,11.0,8,135.0,-14.8595,167.303,352,6,55,2015,10,20,21,52
315,232,6.6,7,7,0,0,671,9,0,2.486,13.0,8,18.0,-0.6212,131.262,428,6,20,2015,9,24,15,53
316,219,6.6,5,7,0,1,820,9,0,1.064,14.0,8,35.0,-31.7275,-71.3792,151,5,9,2015,9,21,17,40
317,397,6.7,5,7,0,0,718,9,0,0.853,35.0,8,23.0,-31.5173,-71.804,151,6,9,2015,9,17,4,10
318,103,6.5,6,7,0,0,657,9,0,0.749,62.0,8,27.0,-31.4244,-71.6876,151,6,9,2015,9,17,3,55
319,642,7.0,8,7,0,0,799,9,0,0.903,13.0,8,28.41,-31.5622,-71.4262,151,5,9,2015,9,16,23,18
320,974,8.3,9,8,1,1,1960,9,0,0.684,19.0,8,22.44,-31.5729,-71.6744,151,6,9,2015,9,16,22,54
321,417,6.7,5,5,0,1,708,9,0,1.256,123.0,8,10.0,24.913,-109.623,463,6,54,2015,9,13,8,14
322,40,6.5,0,5,0,1,650,9,0,2.045,16.0,8,6.43,-9.3293,157.877,131,6,54,2015,8,12,18,49
323,206,6.6,3,5,0,1,671,9,0,1.872,20.0,8,22.0,-9.3438,158.053,250,6,54,2015,8,10,4,12
324,641,7.0,9,7,0,1,762,9,0,6.278,12.0,8,48.0,-2.6286,138.528,7,6,20,2015,7,27,21,41
325,603,6.9,4,7,0,1,734,9,0,0.444,39.0,8,29.0,52.376,-169.446,126,6,54,2015,7,27,4,49
326,669,7.0,8,6,0,1,759,9,0,5.205,22.0,8,11.0,-10.4012,165.141,224,6,54,2015,7,18,2,27
327,23,6.5,4,4,0,1,686,9,0,1.218,20.0,8,20.0,13.8672,-58.5479,52,6,54,2015,7,16,15,16
328,344,6.7,4,5,0,1,691,9,0,1.529,11.0,8,12.0,-9.307,158.403,250,6,42,2015,7,10,4,12
329,144,6.5,3,4,0,0,652,9,0,2.277,11.0,8,460.0,27.7375,139.725,66,6,54,2015,6,23,12,18
330,933,7.8,6,3,0,1,1151,9,0,1.675,12.0,8,664.0,27.8386,140.493,66,6,54,2015,5,30,11,23
331,437,6.8,5,6,0,1,762,0,0,0.0,0.0,5,72.6,56.594,-156.43,469,6,54,2015,5,29,7,0
332,455,6.8,1,5,0,1,711,9,0,3.619,18.0,8,10.0,-11.1093,163.215,197,6,54,2015,5,22,23,59
333,554,6.9,1,4,0,1,732,9,0,4.024,22.0,8,11.19,-11.0559,163.696,197,6,54,2015,5,22,21,45
334,457,6.8,1,4,0,1,711,9,0,4.395,15.0,8,11.0,-10.8759,164.169,224,6,54,2015,5,20,22,48
335,474,6.8,8,6,0,1,831,9,0,1.422,8.0,8,35.0,38.9056,142.032,4,1,23,2015,5,12,21,12
336,816,7.3,8,7,1,0,1563,9,0,0.677,11.0,8,15.0,27.8087,86.0655,297,1,30,2015,5,12,7,5
337,694,7.1,1,6,0,1,776,9,0,3.835,11.0,8,10.0,-7.2175,154.557,335,6,54,2015,5,7,7,10
338,845,7.5,7,8,0,1,869,9,0,1.295,22.0,8,55.0,-5.4624,151.875,201,6,35,2015,5,5,1,44
339,434,6.8,5,6,0,1,714,9,0,1.074,23.0,8,44.0,-5.2005,151.777,201,6,35,2015,5,1,8,6
340,332,6.7,5,6,0,1,692,9,0,1.239,12.0,8,31.0,-5.375,151.771,201,6,35,2015,4,30,10,45
341,363,6.7,7,7,3,0,1016,9,0,0.727,13.0,8,22.91,27.7711,86.0173,199,1,30,2015,4,26,7,9
342,278,6.6,8,7,3,0,733,9,0,1.778,16.0,8,10.0,28.2244,84.8216,58,1,30,2015,4,25,6,45
343,928,7.8,8,9,2,0,2820,9,0,1.857,12.0,8,8.22,28.2305,84.7314,58,1,30,2015,4,25,6,11
344,44,6.5,0,5,0,1,650,9,0,3.702,42.0,8,10.0,-15.8815,-178.6,18,6,54,2015,4,17,15,52
345,142,6.5,2,5,0,1,650,9,0,4.629,36.0,8,11.0,-15.4994,-173.029,143,6,54,2015,3,30,8,48
346,859,7.5,6,7,0,1,872,9,0,0.666,19.0,8,41.0,-4.7294,152.562,201,6,35,2015,3,29,23,48
347,629,7.0,4,6,0,0,760,9,0,1.362,12.0,8,552.06,-7.2968,122.535,260,6,20,2015,2,27,13,45
348,411,6.7,5,5,0,1,714,9,0,1.925,20.0,8,23.0,39.8558,142.881,272,6,54,2015,2,16,23,6
349,318,6.7,4,6,0,1,700,9,0,2.11,16.0,8,223.0,-23.1125,-66.688,116,5,3,2015,2,11,18,57
350,509,6.8,1,4,0,1,711,9,0,2.019,13.0,8,219.96,-17.0309,168.52,353,6,55,2015,1,23,3,47
351,53,6.5,1,4,0,1,650,9,0,4.318,61.0,8,8.0,5.9045,-82.6576,369,6,54,2015,1,7,5,7
352,216,6.6,7,6,0,1,709,9,0,2.485,43.0,8,20.0,7.9401,-82.6865,369,6,34,2014,12,8,8,54
353,176,6.6,1,5,0,1,670,9,0,3.246,12.0,8,23.0,-6.5108,154.46,335,6,54,2014,12,7,1,22
354,169,6.6,1,3,0,0,670,9,0,2.6,9.0,8,614.0,6.1572,123.126,404,6,38,2014,12,2,5,11
355,453,6.8,6,5,0,1,713,9,0,1.421,19.0,8,39.0,1.9604,126.575,453,6,20,2014,11,26,14,33
356,21,6.5,5,5,0,1,652,9,0,1.549,9.0,8,35.0,2.2999,127.056,459,6,20,2014,11,21,10,10
357,353,6.7,7,4,0,1,698,9,0,1.079,25.0,8,22.0,-37.6478,179.662,130,6,54,2014,11,16,22,33
358,695,7.1,4,6,0,1,779,9,0,1.397,18.0,8,45.0,1.8929,126.522,453,6,20,2014,11,15,2,31
359,284,6.6,2,6,0,1,671,9,0,3.557,13.0,8,53.19,-5.9873,148.232,124,6,35,2014,11,7,3,33
360,735,7.1,3,6,0,1,776,9,0,4.415,13.0,8,434.0,-19.6903,-177.759,123,6,54,2014,11,1,18,57
361,811,7.3,8,6,3,1,982,9,0,1.078,18.0,8,40.0,12.5262,-88.1225,156,6,54,2014,10,14,3,51
362,384,6.7,5,5,0,1,724,9,0,0.46,11.0,8,130.0,13.7641,144.429,345,6,54,2014,9,17,6,14
363,479,6.8,6,6,0,1,741,9,0,4.107,18.0,8,101.0,-14.598,-73.5714,23,5,37,2014,8,24,23,21
364,601,6.9,0,4,0,1,732,9,0,6.393,12.0,8,13.0,0.8295,146.169,268,6,54,2014,8,3,0,22
365,602,6.9,0,6,0,1,732,9,0,3.934,15.0,8,615.42,-19.8015,-178.4,123,6,14,2014,7,21,14,54
366,29,6.5,5,4,0,1,706,9,0,2.421,9.0,8,20.0,37.0052,142.452,289,6,54,2014,7,11,19,22
367,576,6.9,8,7,1,1,1079,9,0,0.263,51.0,8,53.0,14.724,-92.4614,362,6,26,2014,7,7,11,23
368,48,6.5,0,4,0,1,650,9,0,2.124,15.0,8,20.0,-6.2304,152.807,201,6,54,2014,7,4,15,0
369,361,6.7,0,5,0,1,691,9,0,6.713,45.0,8,18.0,-14.9831,-175.51,255,6,54,2014,6,29,17,15
370,608,6.9,0,5,0,1,732,9,0,4.838,25.0,8,8.0,-55.4703,-28.3669,430,6,54,2014,6,29,7,52
371,950,7.9,6,8,0,1,963,9,0,0.133,22.0,8,109.0,51.8486,178.735,377,3,53,2014,6,23,20,53
372,422,6.7,0,5,0,0,691,9,0,0.748,43.0,7,26.59,-29.9414,-177.607,191,6,54,2014,6,23,20,6
373,151,6.5,0,5,0,0,650,9,0,0.778,30.0,7,10.0,-29.9379,-177.516,191,6,54,2014,6,23,19,21
374,605,6.9,0,5,0,1,732,9,0,0.751,35.0,8,20.0,-29.9772,-177.725,191,6,54,2014,6,23,19,19
375,556,6.9,9,7,0,0,951,9,0,0.402,25.0,8,6.43,40.2893,25.3889,179,2,15,2014,5,24,9,25
376,12,6.5,7,5,0,1,694,9,0,3.121,33.0,8,10.0,7.2096,-82.3045,369,6,54,2014,5,13,6,35
377,223,6.6,0,5,0,1,670,9,0,3.34,10.0,8,106.0,-21.4542,170.355,158,6,54,2014,5,1,6,36
378,6,6.5,4,6,0,1,838,9,0,0.0,0.0,8,10.0,49.6388,-127.732,480,6,54,2014,4,24,3,10
379,861,7.5,0,6,0,1,865,9,0,3.82,16.0,8,43.37,-6.7547,155.024,335,6,54,2014,4,19,13,28
380,269,6.6,0,6,0,1,670,9,0,3.803,11.0,8,29.0,-6.6558,155.087,335,6,35,2014,4,19,1,4
381,774,7.2,8,7,3,1,1017,9,0,2.25,46.0,8,24.0,17.397,-100.972,104,3,26,2014,4,18,14,27
382,282,6.6,0,6,0,0,670,9,0,2.666,22.0,8,10.0,-11.1284,162.052,197,6,54,2014,4,13,13,24
383,822,7.4,0,6,0,1,842,9,0,2.885,17.0,8,39.0,-11.4633,162.051,197,6,54,2014,4,13,12,36
384,889,7.6,0,7,0,1,889,9,0,2.828,13.0,8,22.56,-11.2701,162.148,197,6,54,2014,4,12,20,14
385,191,6.6,6,5,0,1,677,9,0,0.761,20.0,8,135.0,11.642,-85.8779,55,6,32,2014,4,11,20,29
386,120,6.5,0,6,0,1,650,9,0,3.787,16.0,8,20.0,-6.7878,154.95,335,6,54,2014,4,11,8,16
387,722,7.1,0,7,0,1,776,9,0,3.729,21.0,8,60.53,-6.5858,155.048,335,6,35,2014,4,11,7,7
388,910,7.7,8,9,3,1,1057,9,0,1.029,44.0,8,22.4,-20.5709,-70.4931,157,6,54,2014,4,3,2,43
389,89,6.5,7,7,0,0,670,9,0,0.828,82.0,8,24.07,-20.3113,-70.5756,157,6,54,2014,4,3,1,58
390,597,6.9,0,5,0,0,732,9,0,0.828,119.0,8,28.42,-19.8927,-70.9455,157,6,54,2014,4,1,23,57
391,970,8.2,9,8,3,1,1332,9,0,0.609,23.0,8,25.0,-19.6097,-70.7691,157,6,54,2014,4,1,23,46
392,400,6.7,7,7,0,1,718,9,0,1.008,44.0,8,20.0,-19.9807,-70.7022,157,6,54,2014,3,16,21,16
393,506,6.8,5,5,0,1,1211,5,112,0.657,229.0,5,16.44,40.8287,-125.134,154,6,54,2014,3,10,5,18
394,10,6.5,4,5,0,1,668,9,0,1.001,17.0,8,119.0,27.4312,127.367,286,6,54,2014,3,2,20,11
395,39,6.5,5,4,0,1,681,9,0,1.635,30.0,8,14.83,14.6682,-58.9272,133,6,54,2014,2,18,9,27
396,568,6.9,3,8,3,0,733,9,0,7.496,18.0,8,10.0,35.9053,82.5864,147,1,36,2014,2,12,9,19
397,68,6.5,0,5,0,1,650,9,0,0.409,20.0,8,122.0,-15.0691,167.372,352,6,55,2014,2,7,8,40
398,160,6.5,0,3,0,1,650,9,0,3.651,22.0,8,44.26,-32.9076,-177.881,498,6,54,2014,2,2,9,26
399,71,6.5,0,4,0,1,650,9,0,3.997,14.0,8,187.0,-13.8633,167.249,427,6,55,2014,1,1,16,3
400,147,6.5,3,4,0,0,651,9,0,5.194,22.0,8,371.0,-17.1171,-176.545,123,6,54,2013,11,23,7,48
401,915,7.7,1,8,0,1,912,9,0,8.05,23.0,8,10.0,-60.2738,-46.4011,414,6,52,2013,11,17,9,4
402,607,6.9,0,5,0,1,732,9,0,8.284,17.0,8,9.97,-60.2627,-47.0621,414,6,52,2013,11,16,3,34
403,246,6.6,6,7,0,1,723,9,0,0.636,31.0,8,27.0,-30.2921,-71.5215,100,5,9,2013,10,31,23,3
404,739,7.1,6,4,0,1,872,9,0,3.968,10.0,8,35.0,37.1557,144.661,494,6,54,2013,10,25,17,10
405,300,6.6,8,5,0,1,692,9,0,1.98,44.0,8,9.45,26.0913,-110.321,121,6,54,2013,10,19,17,54
406,497,6.8,0,6,0,1,711,9,0,5.79,9.0,8,35.0,-6.4456,154.931,335,6,35,2013,10,16,10,30
407,719,7.1,9,8,1,1,1092,9,0,3.144,12.0,8,19.04,9.8796,124.117,387,6,38,2013,10,15,0,12
408,242,6.6,5,6,3,0,691,9,0,1.984,40.0,8,40.0,35.5142,23.2523,211,2,54,2013,10,12,13,11
409,426,6.7,0,3,0,0,691,9,0,2.958,11.0,8,573.0,53.1995,152.786,317,6,54,2013,10,1,3,38
410,151,6.5,0,4,0,1,650,9,0,1.709,21.0,8,41.54,-30.9255,-178.323,191,6,54,2013,9,30,5,55
411,442,6.8,7,7,1,0,1005,9,0,7.359,17.0,8,12.0,27.1825,65.5052,194,1,33,2013,9,28,7,34
412,697,7.1,8,7,0,1,843,9,0,4.446,17.0,8,40.0,-15.8385,-74.5112,28,6,37,2013,9,25,16,42
413,895,7.7,5,8,2,0,2015,9,0,7.241,17.0,8,15.0,26.951,65.5009,53,1,33,2013,9,24,11,29
414,127,6.5,0,6,0,1,650,9,0,0.735,24.0,8,20.0,51.5573,-174.767,29,6,54,2013,9,4,2,32
415,148,6.5,5,3,0,0,739,9,0,3.276,26.0,8,402.0,29.9377,138.833,164,6,54,2013,9,4,0,18
416,43,6.5,4,5,0,0,668,9,0,3.097,11.0,8,112.0,-7.44,128.221,236,6,20,2013,9,1,11,52
417,617,7.0,5,6,0,0,758,9,0,0.624,53.0,8,29.0,51.537,-175.23,29,6,54,2013,8,30,16,25
418,61,6.5,9,7,3,1,690,9,0,0.0,0.0,8,8.2,-41.734,174.152,63,6,31,2013,8,16,2,31
419,316,6.7,4,5,0,1,715,9,0,3.741,22.0,8,12.0,5.7732,-78.1999,37,6,54,2013,8,13,15,43
420,78,6.5,6,7,3,1,693,9,229,0.0,20.0,8,17.0,-41.704,174.337,63,6,31,2013,7,21,5,9
421,818,7.3,0,6,0,1,820,9,398,0.0,43.0,8,11.0,-60.857,-25.07,430,6,52,2013,7,15,14,3
422,229,6.6,4,6,0,0,674,9,139,0.0,14.0,8,56.0,-6.029,149.706,180,6,35,2013,7,7,20,30
423,797,7.3,0,4,0,1,820,9,117,0.0,24.0,8,385.5,-3.917,153.927,201,6,35,2013,7,7,18,35
424,310,6.6,0,7,0,1,670,9,111,0.0,16.0,8,10.0,10.701,-42.594,492,6,54,2013,6,24,22,4
425,88,6.5,5,6,0,1,679,9,698,0.0,27.0,8,30.0,11.763,-86.926,254,6,54,2013,6,15,17,34
426,427,6.7,5,4,0,0,710,9,515,0.0,24.0,8,9.0,-10.004,107.236,166,6,54,2013,6,13,16,47
427,426,6.7,0,3,0,1,691,9,217,0.0,25.2,6,624.0,52.235,151.444,317,6,54,2013,5,24,14,56
428,976,8.3,5,5,0,1,1115,9,385,0.0,10.0,8,598.1,54.892,153.221,317,6,54,2013,5,24,5,44
429,829,7.4,0,6,0,1,842,9,626,0.0,16.0,8,173.7,-23.009,-177.232,473,6,54,2013,5,23,17,19
430,527,6.8,0,3,0,0,711,9,131,0.0,18.0,8,602.2,18.728,145.288,327,6,54,2013,5,14,0,32
431,73,6.5,0,6,0,1,650,9,264,0.0,16.6,8,10.0,-3.898,152.127,376,6,35,2013,4,23,23,14
432,268,6.6,8,8,2,0,2083,9,548,0.0,12.6,8,14.0,30.308,102.888,232,1,36,2013,4,20,0,2
433,754,7.2,5,7,0,1,804,9,770,0.0,10.1,8,110.0,46.221,150.788,209,1,39,2013,4,19,3,5
434,221,6.6,7,7,0,1,672,9,445,0.0,11.0,8,13.0,-3.214,142.542,15,6,35,2013,4,16,22,55
435,912,7.7,8,8,3,0,1421,9,506,0.0,26.6,8,80.0,28.033,61.996,193,1,21,2013,4,16,10,44
436,301,6.6,0,5,0,1,670,9,491,0.0,11.5,8,31.0,-6.475,154.607,335,6,54,2013,4,14,1,32
437,645,7.0,3,7,0,1,755,9,640,0.0,11.4,8,66.0,-3.517,138.476,7,6,20,2013,4,6,4,42
438,76,6.5,0,6,0,1,650,9,317,0.0,14.2,8,28.0,-6.598,148.174,124,6,35,2013,3,10,22,51
439,134,6.5,3,6,0,0,651,9,480,0.0,20.7,8,29.0,50.958,157.408,321,1,54,2013,3,1,13,20
440,591,6.9,5,6,0,1,736,9,531,0.0,20.7,8,41.0,50.954,157.283,321,1,54,2013,2,28,14,5
441,205,6.6,0,7,0,1,670,9,697,0.0,15.3,8,11.0,67.631,142.508,54,1,39,2013,2,14,13,13
442,236,6.6,0,6,0,1,670,9,421,0.0,16.6,8,18.0,-10.994,165.741,224,6,42,2013,2,9,21,2
443,549,6.9,5,5,0,1,904,9,562,0.0,23.7,8,145.0,1.135,-77.393,485,5,10,2013,2,9,14,16
444,714,7.1,9,6,0,1,780,9,334,0.0,16.5,8,21.0,-10.928,166.018,224,6,42,2013,2,8,15,26
445,462,6.8,0,7,0,1,711,9,400,0.0,17.5,8,12.0,-10.838,165.969,224,6,42,2013,2,8,11,12
446,377,6.7,0,6,0,1,691,9,387,0.0,26.5,8,11.0,-10.997,165.655,224,6,42,2013,2,7,18,59
447,652,7.0,0,6,0,0,754,9,445,0.0,17.5,8,8.8,-10.499,165.588,224,6,42,2013,2,6,1,54
448,686,7.1,0,5,0,0,776,9,550,0.0,18.4,8,10.0,-11.183,164.882,224,6,54,2013,2,6,1,23
449,958,8.0,8,7,0,1,993,9,460,0.0,20.9,8,24.0,-10.799,165.114,224,6,54,2013,2,6,1,12
450,548,6.9,6,7,3,0,814,9,686,0.0,28.0,8,107.0,42.77,143.092,314,1,23,2013,2,2,14,17
451,490,6.8,6,7,0,0,771,9,596,0.0,19.3,8,45.0,-28.094,-70.653,474,5,9,2013,1,30,20,15
452,841,7.5,6,6,0,0,1425,0,0,0.0,0.0,5,8.7,55.228,-134.859,114,6,54,2013,1,5,8,58
453,395,6.7,0,4,0,0,691,9,521,0.0,13.7,8,200.7,-14.344,167.286,427,6,55,2012,12,21,22,28
454,733,7.1,5,5,0,0,843,9,517,0.0,8.7,8,155.0,-6.533,129.825,44,6,20,2012,12,10,16,53
455,800,7.3,6,5,0,0,1014,9,918,0.0,14.8,8,31.0,37.89,143.949,4,6,54,2012,12,7,8,18
456,70,6.5,4,5,0,0,708,9,598,0.0,57.3,8,20.0,14.129,-92.164,85,6,54,2012,11,11,22,14
457,488,6.8,7,6,0,0,795,9,391,0.0,13.7,8,13.7,23.005,95.885,422,1,29,2012,11,11,1,12
458,830,7.4,8,7,3,0,1455,9,751,0.0,25.5,8,24.0,13.988,-91.895,85,6,54,2012,11,7,16,35
459,924,7.8,8,7,0,0,1726,9,807,0.0,42.7,8,14.0,52.788,-132.101,358,3,8,2012,10,28,3,4
460,146,6.5,6,6,0,0,745,9,691,0.0,34.4,8,17.0,10.086,-85.298,103,6,11,2012,10,24,0,45
461,198,6.6,3,5,0,0,675,9,291,0.0,17.7,8,13.0,-4.892,134.03,464,6,20,2012,10,12,0,31
462,785,7.3,7,6,0,0,1221,9,934,0.0,15.5,8,170.0,1.929,-76.362,388,5,10,2012,9,30,16,31
463,870,7.6,8,7,0,0,1555,9,703,0.0,34.3,8,35.0,10.085,-85.315,146,6,11,2012,9,5,14,42
464,888,7.6,8,5,0,0,1115,9,682,0.0,10.2,8,28.0,10.811,126.638,435,6,54,2012,8,31,12,47
465,789,7.3,5,5,0,0,994,9,417,0.0,37.0,8,28.0,12.139,-88.59,361,6,54,2012,8,27,4,37
466,190,6.6,4,5,0,0,678,9,497,0.0,14.6,8,91.1,2.19,126.837,459,6,20,2012,8,26,15,5
467,900,7.7,7,4,0,0,941,9,862,0.0,13.8,8,583.2,49.8,145.064,350,6,54,2012,8,14,2,59
468,2,6.5,5,6,0,0,653,9,576,0.0,11.7,8,41.0,-4.651,153.173,201,6,35,2012,7,28,20,3
469,285,6.6,4,5,0,0,675,9,529,0.0,15.7,8,134.7,-18.685,-174.705,294,6,47,2012,4,28,10,8
470,412,6.7,0,7,0,0,691,9,370,0.0,15.4,8,16.0,-1.617,134.276,252,6,20,2012,4,21,1,16
471,448,6.8,6,5,0,0,732,9,597,0.0,12.6,8,198.0,-5.462,147.117,220,6,35,2012,4,17,7,13
472,364,6.7,0,7,0,0,691,9,518,0.0,26.9,8,29.0,-32.625,-71.365,135,5,9,2012,4,17,3,50
473,665,7.0,7,7,0,0,1000,9,474,0.0,95.9,8,13.0,28.696,-113.104,396,3,26,2012,4,12,7,15
474,84,6.5,7,6,0,0,1171,9,599,0.0,54.1,6,20.0,18.229,-102.689,119,3,26,2012,4,11,22,55
475,973,8.2,9,6,0,0,1213,9,341,0.0,14.9,7,25.1,0.802,92.463,495,6,54,2012,4,11,10,43
476,980,8.6,9,7,3,0,2048,7,499,0.0,16.6,5,20.0,2.327,93.063,495,6,54,2012,4,11,8,38
477,702,7.1,7,7,0,0,1496,9,553,0.0,15.2,8,40.7,-35.2,-72.217,97,5,9,2012,3,25,22,37
478,171,6.6,6,6,0,0,709,9,640,0.0,10.1,8,118.0,-6.242,145.955,175,6,35,2012,3,21,22,15
479,835,7.4,9,8,0,0,1752,9,672,0.0,37.9,8,20.0,16.493,-98.231,408,3,26,2012,3,20,18,2
480,379,6.7,7,7,0,0,833,9,596,0.0,13.4,8,12.0,51.708,95.991,411,1,39,2012,2,26,6,17
481,360,6.7,9,7,0,0,1551,9,572,0.0,11.1,8,11.0,9.999,123.206,167,6,38,2012,2,6,3,49
482,688,7.1,5,5,0,0,793,9,573,0.0,12.0,8,23.0,-17.827,167.133,353,6,54,2012,2,2,13,34
483,782,7.2,4,4,0,0,838,9,443,0.0,17.0,8,19.0,2.433,93.21,495,6,54,2012,1,10,18,36
484,252,6.6,0,7,0,0,670,9,545,0.0,17.6,8,15.0,51.842,95.911,411,1,39,2011,12,27,15,21
485,705,7.1,6,6,0,0,834,9,485,0.0,10.6,8,135.0,-7.551,146.809,483,6,35,2011,12,14,5,4
486,109,6.5,8,7,0,0,1400,9,578,0.0,38.6,8,59.0,17.986,-99.789,308,3,26,2011,12,11,1,47
487,574,6.9,6,7,0,0,847,9,474,0.0,46.5,8,24.0,-14.438,-75.966,409,5,37,2011,10,28,18,54
488,707,7.1,9,9,0,0,1096,9,693,0.0,19.7,8,18.0,38.721,43.508,476,1,49,2011,10,23,10,41
489,79,6.5,3,6,0,0,655,9,423,0.0,12.6,8,37.0,-6.57,147.881,124,6,35,2011,10,14,3,35
490,579,6.9,8,8,0,0,1562,9,383,0.0,13.0,8,50.0,27.73,88.155,251,1,19,2011,9,18,12,40
491,420,6.7,5,5,0,0,712,9,667,0.0,10.9,7,30.0,40.273,142.779,272,6,54,2011,9,16,19,26
492,402,6.7,5,6,0,0,915,9,447,0.0,15.3,8,91.0,2.965,97.893,174,6,20,2011,9,5,17,55
493,628,7.0,7,5,0,0,761,9,406,0.0,15.3,8,185.1,-20.671,169.716,158,6,54,2011,9,3,22,55
494,663,7.0,6,6,0,0,913,9,471,0.0,26.9,8,147.0,-7.641,-74.525,98,5,37,2011,8,24,17,46
495,724,7.1,5,6,0,0,787,9,564,0.0,12.3,8,28.0,-18.311,168.218,353,6,54,2011,8,20,18,19
496,110,6.5,0,5,0,0,650,9,322,0.0,15.0,7,35.0,-18.308,168.156,353,6,54,2011,8,20,17,13
497,770,7.2,8,6,0,0,813,9,280,0.0,18.4,8,32.0,-18.365,168.143,353,6,54,2011,8,20,16,55
498,167,6.6,3,6,0,0,674,9,229,0.0,16.6,8,10.0,-3.518,144.828,22,6,35,2011,7,31,23,38
499,892,7.6,3,7,0,0,893,9,567,0.0,33.5,8,17.0,-29.539,-176.34,190,6,54,2011,7,6,19,3
500,383,6.7,6,6,0,0,749,9,592,0.0,24.9,8,33.0,39.955,142.205,272,1,23,2011,6,22,21,50
501,440,6.8,4,5,0,0,734,9,519,0.0,12.5,8,11.0,-20.244,168.226,484,6,54,2011,5,10,8,55
502,508,6.8,5,6,0,0,719,9,445,0.0,13.0,8,79.0,-10.375,161.2,197,6,42,2011,4,23,4,16
503,200,6.6,7,7,0,0,822,9,586,0.0,10.1,8,11.0,37.001,140.401,160,1,23,2011,4,11,8,16
504,709,7.1,8,8,0,0,1114,9,446,0.0,17.7,8,42.0,38.276,141.588,161,1,23,2011,4,7,14,32
505,276,6.6,7,6,0,0,897,9,518,0.0,37.2,8,166.2,17.208,-94.338,141,6,26,2011,4,7,13,11
506,567,6.9,7,9,0,0,1154,9,335,0.0,18.2,8,8.0,20.687,99.822,441,1,29,2011,3,24,13,55
507,260,6.6,6,5,0,0,673,9,668,0.0,9.5,4,25.7,39.241,142.463,5,6,54,2011,3,11,11,36
508,126,6.5,0,4,0,0,650,9,369,0.0,18.7,1,6.8,36.166,141.562,138,6,54,2011,3,11,8,19
509,907,7.7,7,4,0,0,931,9,507,0.0,10.8,7,18.6,38.058,144.59,178,6,54,2011,3,11,6,25
510,945,7.9,8,7,0,0,1140,9,163,0.0,48.4,7,42.6,36.281,141.111,3,6,54,2011,3,11,6,15
511,983,9.1,9,8,0,0,2184,7,541,0.0,9.5,8,29.0,38.297,142.373,1,6,54,2011,3,11,5,46
512,787,7.3,5,5,0,0,972,9,550,0.0,17.4,8,32.0,38.435,142.842,4,6,54,2011,3,9,2,45
513,381,6.7,5,6,0,0,731,9,358,0.0,33.9,8,21.0,-35.38,-72.834,97,6,54,2011,2,14,3,40
514,555,6.9,7,7,0,0,988,9,382,0.0,34.7,8,26.0,-36.422,-72.96,461,5,9,2011,2,11,20,5
515,763,7.2,7,7,0,0,1449,9,372,0.0,25.3,8,68.0,28.777,63.951,106,1,33,2011,1,18,20,23
516,623,7.0,2,5,0,0,755,9,578,0.0,13.3,8,9.0,-20.628,168.471,442,6,54,2011,1,13,16,16
517,760,7.2,8,7,0,0,1054,9,397,0.0,30.1,8,24.0,-38.355,-73.326,81,5,9,2011,1,2,20,20
518,792,7.3,0,5,0,0,820,9,409,0.0,12.0,7,16.0,-19.702,167.947,158,6,54,2010,12,25,13,16
519,324,6.7,3,7,0,0,708,9,279,0.0,24.3,7,12.0,28.412,59.18,42,1,21,2010,12,20,18,41
520,263,6.6,0,6,0,0,670,9,306,0.0,18.5,6,33.0,-6.001,149.977,180,6,35,2010,12,2,3,12
521,925,7.8,4,7,0,0,946,9,379,0.0,23.0,7,20.1,-3.487,100.082,439,6,54,2010,10,25,14,42
522,418,6.7,5,5,0,0,776,9,352,0.0,50.3,7,13.0,24.696,-109.156,120,6,54,2010,10,21,17,53
523,679,7.0,8,5,0,0,772,9,271,0.0,15.1,7,26.0,-4.963,133.76,337,6,20,2010,9,29,17,11
524,635,7.0,8,8,0,0,1245,9,365,0.0,15.8,7,12.0,-43.522,171.83,265,6,31,2010,9,3,16,35
525,734,7.1,6,5,0,0,945,9,672,0.0,12.4,7,206.7,-1.266,-77.306,113,5,12,2010,8,12,11,54
526,804,7.3,7,7,0,0,850,9,405,0.0,20.2,7,25.0,-17.541,168.069,353,6,55,2010,8,10,5,23
527,668,7.0,4,6,0,0,757,9,396,0.0,12.7,8,44.0,-5.746,150.765,195,6,35,2010,8,4,22,1
528,17,6.5,5,4,0,0,659,9,403,0.0,11.1,7,220.0,-5.486,146.822,246,6,35,2010,8,4,7,15
529,883,7.6,5,3,0,0,902,9,340,0.0,15.1,7,578.0,6.497,123.48,47,6,38,2010,7,23,22,51
530,817,7.3,8,7,0,0,831,9,397,0.0,18.2,7,35.0,-5.931,150.59,298,6,35,2010,7,18,13,34
531,582,6.9,4,7,0,0,737,9,456,0.0,15.7,7,28.0,-5.966,150.428,195,6,35,2010,7,18,13,4
532,235,6.6,6,7,0,0,753,9,295,0.0,52.8,7,22.0,-38.067,-73.31,83,5,9,2010,7,14,8,32
533,394,6.7,5,6,0,0,696,9,392,0.0,18.7,7,35.0,-10.627,161.447,197,6,42,2010,6,26,5,30
534,188,6.6,0,7,0,0,670,9,309,0.0,25.0,7,10.5,-2.329,136.484,59,6,20,2010,6,16,3,58
535,625,7.0,3,7,0,0,755,9,307,0.0,18.1,7,18.0,-2.174,136.543,59,6,20,2010,6,16,3,16
536,866,7.5,6,5,0,0,1144,9,514,0.0,18.6,7,35.0,7.881,91.936,301,6,54,2010,6,12,19,26
537,742,7.2,5,6,0,0,804,9,327,0.0,11.7,7,31.0,-13.698,166.643,427,6,55,2010,5,27,17,14
538,761,7.2,5,6,0,0,918,9,611,0.0,20.6,7,38.0,3.748,96.018,267,6,20,2010,5,9,5,59
539,559,6.9,6,9,0,0,773,9,410,0.0,14.9,7,17.0,33.165,96.548,372,1,36,2010,4,13,23,49
540,600,6.9,4,5,0,0,740,9,399,0.0,12.1,7,21.0,-10.878,161.116,197,6,54,2010,4,11,9,40
541,930,7.8,0,7,0,0,936,9,352,0.0,19.2,7,31.0,2.383,97.048,423,6,20,2010,4,6,22,15
542,746,7.2,9,9,2,0,2910,2,10,0.514,239.0,5,9.99,32.2862,-115.295,108,3,26,2010,4,4,22,40
543,214,6.6,5,6,0,0,701,9,413,0.0,16.7,7,34.0,13.667,92.831,43,6,19,2010,3,30,16,54
544,390,6.7,5,6,0,0,856,9,312,0.0,34.7,7,18.0,-36.217,-73.257,461,6,54,2010,3,16,2,21
545,106,6.5,6,5,0,0,810,9,491,0.0,27.0,7,32.0,37.745,141.59,289,6,54,2010,3,14,8,8
546,660,7.0,7,7,0,0,874,9,403,0.0,17.1,7,18.0,-34.326,-71.799,405,5,9,2010,3,11,14,55
547,584,6.9,7,7,0,0,1280,9,415,0.0,12.5,7,11.0,-34.29,-71.891,405,5,9,2010,3,11,14,39
548,449,6.8,4,6,0,0,717,9,401,0.0,23.2,7,26.0,-3.762,100.991,56,6,20,2010,3,5,16,7
549,222,6.6,7,7,0,0,736,9,255,0.0,27.8,6,18.0,-36.665,-73.374,443,6,9,2010,3,5,11,47
550,92,6.5,0,4,0,0,650,9,426,0.0,18.7,6,176.0,-13.571,167.227,427,6,55,2010,3,4,14,2
551,825,7.4,0,5,0,0,842,9,409,0.0,17.6,7,35.0,-37.773,-75.048,226,6,54,2010,2,27,8,1
552,981,8.8,8,8,0,0,1991,7,454,0.0,17.8,8,22.9,-36.122,-72.898,375,5,9,2010,2,27,6,34
553,667,7.0,6,6,0,0,1180,9,487,0.0,15.7,7,25.0,25.93,128.425,185,6,54,2010,2,26,20,31
554,616,7.0,9,9,0,0,1623,9,500,0.0,22.7,7,13.0,18.443,-72.571,242,6,17,2010,1,12,21,53
555,77,6.5,7,7,0,0,1360,5,51,0.322,220.0,5,28.74,40.652,-124.692,122,3,54,2010,1,10,0,27
556,441,6.8,3,6,0,0,713,9,338,0.0,15.0,7,15.4,-9.019,157.551,131,6,54,2010,1,5,12,15
557,732,7.1,5,7,0,0,780,9,377,0.0,15.0,7,10.0,-8.783,157.354,131,6,42,2010,1,3,22,36
558,299,6.6,5,7,0,0,672,9,282,0.0,16.6,7,10.0,-8.726,157.487,131,6,42,2010,1,3,21,48
559,138,6.5,6,7,0,0,698,9,390,0.0,17.7,7,27.0,-19.394,-70.321,157,5,9,2009,11,13,3,5
560,812,7.3,0,4,0,0,820,9,430,0.0,15.0,7,595.0,-17.239,178.331,35,6,14,2009,11,9,10,44
561,234,6.6,7,6,0,0,677,9,305,0.0,20.4,7,18.0,-8.207,118.631,61,6,20,2009,11,8,19,41
562,520,6.8,0,6,0,0,711,9,424,0.0,21.4,7,34.0,29.218,129.782,292,6,54,2009,10,30,7,3
563,565,6.9,4,6,0,0,972,9,397,0.0,11.0,7,130.0,-6.133,130.385,464,6,20,2009,10,24,14,40
564,459,6.8,0,5,0,0,711,9,174,0.0,30.2,7,35.0,-13.298,165.91,427,6,54,2009,10,8,8,28
565,827,7.4,0,7,0,0,842,9,314,0.0,20.2,7,31.1,-13.093,166.497,427,6,55,2009,10,7,23,13
566,923,7.8,0,6,0,0,936,9,195,0.0,20.3,7,35.0,-12.517,166.382,427,6,54,2009,10,7,22,18
567,898,7.7,4,7,0,0,916,9,283,0.0,23.2,8,45.0,-13.006,166.51,427,6,55,2009,10,7,22,3
568,257,6.6,7,7,0,0,787,9,417,0.0,30.1,7,9.0,-2.482,101.524,439,6,20,2009,10,1,1,52
569,877,7.6,8,8,0,0,1639,9,498,0.0,14.0,7,81.0,-0.72,99.867,339,6,20,2009,9,30,10,16
570,961,8.1,7,6,0,0,1055,9,520,0.0,20.8,7,18.0,-15.489,-172.095,256,6,54,2009,9,29,17,48
571,664,7.0,7,7,0,0,1175,9,312,0.0,16.3,7,46.0,-7.782,107.297,45,6,20,2009,9,2,7,55
572,325,6.7,5,6,0,0,753,9,369,0.0,14.9,7,20.0,-1.479,99.49,324,6,20,2009,8,16,7,38
573,226,6.6,4,5,0,0,703,9,336,0.0,14.1,7,53.0,32.821,140.395,448,6,54,2009,8,12,22,48
574,853,7.5,7,6,0,0,1248,9,303,0.0,18.2,7,24.0,14.099,92.902,43,6,54,2009,8,10,19,55
575,698,7.1,5,4,0,0,1005,9,447,0.0,14.2,7,292.0,33.167,137.944,6,6,54,2009,8,9,10,55
576,599,6.9,5,7,0,0,1202,9,243,0.0,35.0,7,10.0,29.039,-112.903,39,3,26,2009,8,3,17,59
577,931,7.8,6,8,0,0,1165,9,434,0.0,16.8,7,12.0,-45.762,166.562,450,6,31,2009,7,15,9,22
578,356,6.7,5,5,0,0,693,9,269,0.0,13.8,7,64.0,-5.157,153.782,201,6,35,2009,6,23,14,19
579,806,7.3,7,8,0,0,1560,9,464,0.0,27.2,7,19.0,16.731,-86.217,134,6,54,2009,5,28,8,24
580,875,7.6,7,5,0,0,916,9,504,0.0,14.0,7,31.0,-23.043,-174.66,502,6,54,2009,3,19,18,17
581,752,7.2,3,7,0,0,802,9,432,0.0,18.6,7,20.0,3.886,126.387,410,6,20,2009,2,11,17,34
582,837,7.4,7,7,0,0,846,9,314,0.0,21.1,7,23.0,-0.691,133.305,252,6,20,2009,1,3,22,33
583,261,6.6,5,4,0,0,765,9,344,0.0,22.6,7,204.8,36.419,70.743,172,1,0,2009,1,3,20,23
584,897,7.7,5,7,0,0,918,9,288,0.0,29.8,7,17.0,-0.414,132.885,252,6,20,2009,1,3,19,43
585,826,7.4,9,7,0,0,848,9,365,0.0,33.7,8,30.0,1.271,122.091,132,6,20,2008,11,16,17,2
586,355,6.7,5,6,0,0,731,9,481,0.0,28.6,7,24.0,14.423,-92.364,69,6,26,2008,10,16,19,41
587,336,6.7,0,6,0,0,691,9,529,0.0,22.3,7,27.4,39.533,73.824,306,1,24,2008,10,5,15,52
588,438,6.8,0,6,0,0,711,9,500,0.0,22.2,7,25.0,41.892,143.754,314,6,54,2008,9,11,0,20
589,279,6.6,0,6,0,0,670,9,463,0.0,14.1,7,96.0,1.885,127.363,459,6,20,2008,9,11,0,0
590,586,6.9,0,6,0,0,732,9,531,0.0,14.9,7,110.0,-13.501,166.967,427,6,55,2008,9,8,18,52
591,365,6.7,4,7,0,0,692,9,325,0.0,28.0,7,12.0,30.901,83.52,170,1,36,2008,8,25,13,21
592,471,6.8,8,7,0,0,1046,9,633,0.0,20.2,7,108.0,39.802,141.464,280,1,23,2008,7,23,15,26
593,618,7.0,5,5,0,0,840,9,577,0.0,18.2,7,22.0,37.552,142.214,289,6,54,2008,7,19,2,39
594,543,6.9,5,5,0,0,825,3,0,0.0,0.0,8,25.5,37.55,142.714,289,6,54,2008,7,19,2,39
595,178,6.6,4,5,0,0,680,9,630,0.0,18.4,7,17.0,11.005,91.824,43,6,54,2008,6,27,11,40
596,562,6.9,7,8,0,0,888,9,654,0.0,17.1,7,7.8,39.03,140.881,275,1,23,2008,6,13,23,43
597,946,7.9,9,9,0,0,1870,9,774,0.0,11.3,7,19.0,31.002,103.322,456,1,36,2008,5,12,6,28
598,588,6.9,5,5,0,0,910,9,519,0.0,21.1,7,27.0,36.164,141.526,138,6,54,2008,5,7,16,45
599,810,7.3,0,6,0,0,820,9,486,0.0,13.4,7,33.0,-20.071,168.892,158,6,54,2008,4,9,12,46
600,753,7.2,0,7,0,0,798,9,532,0.0,25.9,7,10.0,35.49,81.467,147,1,36,2008,3,20,22,32
601,606,6.9,4,5,0,0,740,9,544,0.0,25.9,7,24.0,13.351,125.63,343,6,54,2008,3,3,14,11
602,346,6.7,5,6,0,0,696,9,543,0.0,15.1,7,25.0,-2.245,99.808,324,6,20,2008,2,25,21,2
603,197,6.6,4,6,0,0,674,9,421,0.0,17.7,7,25.0,-2.332,99.891,324,6,20,2008,2,25,18,6
604,751,7.2,4,7,0,0,832,9,505,0.0,18.4,7,25.0,-2.486,99.972,439,6,20,2008,2,25,8,36
605,35,6.5,4,6,0,0,654,9,429,0.0,28.3,7,22.0,-2.405,99.931,439,6,20,2008,2,24,14,46
606,834,7.4,5,7,0,0,914,9,607,0.0,16.4,7,26.0,2.768,95.964,423,6,20,2008,2,20,8,8
607,98,6.5,8,5,0,0,692,9,650,0.0,30.7,7,28.0,36.345,21.863,203,2,54,2008,2,14,12,8
608,572,6.9,6,6,0,0,941,9,645,0.0,30.6,7,29.0,36.501,21.67,266,2,54,2008,2,14,10,9
609,135,6.5,7,6,0,0,723,9,521,0.0,27.6,7,83.0,16.357,-94.304,128,6,26,2008,2,12,12,50
610,253,6.6,7,6,0,0,808,9,461,0.0,18.8,7,20.0,-39.011,178.291,130,6,54,2007,12,20,7,55
611,409,6.7,5,7,0,0,704,9,481,0.0,30.3,6,45.0,-22.954,-70.182,24,5,9,2007,12,16,8,9
612,828,7.4,7,7,0,0,1542,9,663,0.0,13.4,6,156.0,14.944,-61.274,50,6,25,2007,11,29,19,0
613,270,6.6,3,6,0,0,672,9,280,0.0,26.9,7,16.0,-10.95,162.149,197,6,42,2007,11,27,11,49
614,75,6.5,5,7,0,0,653,9,272,0.0,27.6,7,18.0,-8.224,118.467,111,6,20,2007,11,25,19,53
615,60,6.5,7,7,0,0,657,9,353,0.0,27.5,7,20.0,-8.292,118.37,111,6,20,2007,11,25,16,2
616,432,6.8,6,6,0,0,722,9,341,0.0,15.9,7,53.0,-5.757,147.098,220,6,35,2007,11,22,8,48
617,473,6.8,7,6,0,0,790,9,649,0.0,27.0,7,122.9,-2.312,-77.838,244,5,12,2007,11,16,3,13
618,510,6.8,6,7,0,0,716,9,285,0.0,40.1,7,26.0,-22.925,-70.237,24,5,9,2007,11,15,15,5
619,909,7.7,8,7,0,0,995,9,610,0.0,22.4,7,40.0,-22.247,-69.89,460,5,9,2007,11,14,15,40
620,446,6.8,3,5,0,0,713,9,494,0.0,23.9,7,21.0,-3.899,101.02,56,6,20,2007,10,24,21,2
621,502,6.8,4,7,0,0,744,9,338,0.0,19.0,7,18.0,-44.796,167.553,450,6,31,2007,10,15,12,29
622,452,6.8,4,5,0,0,713,9,348,0.0,15.5,7,40.0,-4.99,153.5,201,6,35,2007,9,26,12,36
623,327,6.7,3,5,0,0,696,9,503,0.0,26.9,7,30.0,-1.999,100.141,324,6,20,2007,9,20,8,31
624,631,7.0,4,7,0,0,768,9,537,0.0,23.1,7,22.0,-2.13,99.627,324,6,20,2007,9,13,3,35
625,149,6.5,0,5,0,0,650,9,409,0.0,26.2,7,28.9,-1.689,99.668,189,6,20,2007,9,13,2,30
626,949,7.9,8,7,0,0,1133,9,446,0.0,29.1,7,35.0,-2.625,100.841,439,6,20,2007,9,12,23,49
627,920,7.8,7,8,0,0,1152,3,0,0.0,0.0,8,40.5,-2.52,100.139,439,1,20,2007,9,12,23,49
628,977,8.4,0,6,0,0,1086,7,411,0.0,32.3,8,34.0,-4.438,101.367,56,6,20,2007,9,12,11,10
629,482,6.8,5,6,0,0,747,9,653,0.0,17.6,7,15.0,2.966,-77.963,458,6,10,2007,9,10,1,49
630,777,7.2,0,5,0,0,798,9,312,0.0,21.3,7,35.0,-11.61,165.762,224,6,54,2007,9,2,1,5
631,67,6.5,5,6,0,0,675,9,382,0.0,12.8,7,15.0,-9.834,159.465,250,6,54,2007,8,16,8,39
632,954,8.0,9,8,0,0,1385,9,625,0.0,25.7,7,39.0,-13.386,-76.603,402,6,37,2007,8,15,23,40
633,855,7.5,0,5,0,0,865,9,228,0.0,30.7,7,280.0,-5.859,107.419,378,6,20,2007,8,8,17,5
634,766,7.2,7,7,0,0,803,9,494,0.0,20.4,6,120.0,-15.595,167.68,238,6,55,2007,8,1,17,8
635,541,6.9,3,5,0,0,734,9,374,0.0,24.1,6,25.0,2.872,127.464,459,6,20,2007,7,26,5,40
636,445,6.8,5,4,0,0,779,9,664,0.0,18.2,6,350.4,36.808,134.85,269,6,54,2007,7,16,14,17
637,208,6.6,8,8,0,0,831,9,782,0.0,16.7,7,12.0,37.535,138.446,183,1,23,2007,7,16,1,13
638,385,6.7,6,6,0,0,972,9,468,0.0,37.7,7,23.0,13.554,-90.618,163,6,54,2007,6,13,19,29
639,533,6.9,0,7,0,0,732,9,305,0.0,15.3,7,10.0,-7.306,155.741,335,6,42,2007,4,1,21,11
640,302,6.6,0,7,0,0,670,9,251,0.0,16.0,1,10.0,-7.169,155.777,335,6,42,2007,4,1,20,47
641,962,8.1,9,8,0,0,1025,9,439,0.0,14.7,7,24.0,-8.466,157.043,131,6,42,2007,4,1,20,39
642,387,6.7,7,8,0,0,782,9,493,0.0,23.9,7,8.0,37.336,136.588,290,1,23,2007,3,25,0,41
643,687,7.1,3,6,0,0,779,9,426,0.0,25.3,6,34.0,-20.617,169.357,158,6,54,2007,3,25,0,40
644,362,6.7,0,6,0,0,691,9,253,0.0,40.3,7,12.0,-1.034,126.976,385,6,20,2007,2,20,8,4
645,844,7.5,6,5,0,0,874,9,570,0.0,21.6,7,22.0,1.065,126.282,453,6,20,2007,1,21,11,27
646,965,8.1,4,5,0,0,1034,9,606,0.0,14.0,7,10.0,46.243,154.524,499,6,54,2007,1,13,4,23
647,564,6.9,6,7,0,0,798,9,466,0.0,31.6,7,10.0,21.974,120.493,142,1,44,2006,12,26,12,34
648,712,7.1,8,7,0,0,1023,9,744,0.0,29.1,6,10.0,21.799,120.547,142,1,44,2006,12,26,12,26
649,975,8.3,4,7,0,0,1064,9,576,0.0,20.9,7,10.0,46.592,153.266,208,6,54,2006,11,15,11,14
650,192,6.6,0,6,0,0,670,9,352,0.0,18.6,7,11.0,-6.482,151.195,195,6,54,2006,11,7,17,38
651,392,6.7,5,6,0,0,732,9,444,0.0,53.4,7,23.0,-13.457,-76.677,402,6,37,2006,10,20,10,48
652,315,6.7,5,6,0,0,692,9,533,0.0,15.6,7,32.0,-5.881,150.982,195,6,35,2006,10,17,1,25
653,338,6.7,8,9,0,0,1481,4,43,0.0,124.0,2,38.18,19.877,-155.935,360,6,53,2006,10,15,17,7
654,552,6.9,3,3,0,0,737,9,702,0.0,20.9,7,28.0,-16.592,-172.033,143,6,54,2006,9,28,6,22
655,485,6.8,0,6,0,0,711,9,459,0.0,28.4,6,38.0,-6.759,155.512,335,6,35,2006,9,1,10,18
656,125,6.5,0,6,0,0,650,9,700,0.0,47.4,6,43.0,51.148,157.522,321,1,39,2006,8,24,21,50
657,487,6.8,5,5,0,0,713,9,551,0.0,26.2,6,150.0,-15.798,167.789,307,6,55,2006,8,7,22,18
658,904,7.7,7,5,0,0,947,9,357,0.0,36.8,7,20.0,-9.284,107.419,424,6,54,2006,7,17,8,19
659,13,6.5,0,6,0,0,650,9,477,0.0,20.3,7,34.0,-5.724,151.133,195,6,35,2006,5,28,3,12
660,247,6.6,0,7,0,0,670,9,548,0.0,28.0,7,19.0,60.772,165.743,457,1,39,2006,5,22,11,12
661,466,6.8,4,5,0,0,719,9,701,0.0,16.3,6,12.0,0.093,97.05,425,6,54,2006,5,16,15,28
662,955,8.0,7,7,0,0,1013,9,626,0.0,20.7,7,55.0,-20.187,-174.123,334,6,54,2006,5,3,15,26
663,957,8.0,8,9,0,0,1026,3,0,0.0,0.0,8,60.5,-19.99,-173.907,334,6,54,2006,5,3,15,26
664,117,6.5,7,7,0,0,653,9,282,0.0,46.3,7,12.0,-27.211,-71.056,99,6,9,2006,4,30,21,40
665,407,6.7,6,7,0,0,696,9,277,0.0,25.6,6,12.0,-27.017,-71.022,99,6,9,2006,4,30,19,17
666,288,6.6,0,8,0,0,670,9,645,0.0,28.4,7,11.0,60.491,167.516,457,1,39,2006,4,29,16,58
667,886,7.6,0,8,0,0,889,9,579,0.0,18.5,7,22.0,60.949,167.089,457,1,39,2006,4,20,23,25
668,25,6.5,3,5,0,0,654,9,247,0.0,25.5,7,14.0,-16.527,176.989,225,6,54,2006,4,7,8,30
669,322,6.7,0,7,0,0,691,9,306,0.0,21.3,6,30.1,-3.595,127.214,21,6,20,2006,3,14,6,57
670,632,7.0,5,9,0,0,891,9,412,0.0,23.2,6,11.0,-21.324,33.583,91,0,28,2006,2,22,22,19
671,366,6.7,7,6,0,0,934,9,769,0.0,19.7,6,66.0,36.311,23.212,212,2,15,2006,1,8,11,34
672,283,6.6,7,6,0,0,703,9,323,0.0,48.2,7,14.0,28.164,-112.117,39,6,54,2006,1,4,8,32
673,102,6.5,6,5,0,0,721,9,529,0.0,20.5,6,224.6,36.357,71.093,26,1,0,2005,12,12,21,47
674,504,6.8,5,7,0,0,744,9,561,0.0,20.0,7,22.0,-6.224,29.83,177,0,46,2005,12,5,12,19
675,123,6.5,4,5,0,0,683,9,464,0.0,48.8,7,29.0,38.089,142.122,161,6,54,2005,12,2,13,13
676,104,6.5,3,6,0,0,651,9,358,0.0,20.7,6,21.0,2.164,96.786,423,6,20,2005,11,19,14,10
677,499,6.8,0,6,0,0,711,9,509,0.0,30.1,6,147.0,-22.361,-67.895,398,5,5,2005,11,17,19,26
678,876,7.6,9,9,0,0,1267,9,724,0.0,21.1,7,26.0,34.539,73.588,283,1,33,2005,10,8,3,50
679,182,6.6,0,6,0,0,670,9,402,0.0,17.7,7,25.0,-5.437,151.84,201,6,35,2005,9,29,15,50
680,856,7.5,8,7,0,0,1018,9,696,0.0,26.2,6,115.0,-5.678,-76.398,490,5,37,2005,9,26,1,55
681,871,7.6,5,7,0,0,891,9,502,0.0,20.0,7,90.0,-4.539,153.474,201,6,35,2005,9,9,7,26
682,769,7.2,7,7,0,0,1104,9,698,0.0,19.6,7,36.0,38.276,142.039,161,6,54,2005,8,16,2,46
683,779,7.2,4,5,0,0,808,9,636,0.0,26.4,7,16.0,7.92,92.19,301,6,54,2005,7,24,15,42
684,415,6.7,3,6,0,0,693,9,398,0.0,22.3,7,21.0,1.819,97.082,425,6,20,2005,7,5,1,52
685,239,6.6,6,5,0,0,719,9,446,0.0,21.1,7,27.0,11.245,-86.172,395,6,54,2005,7,2,2,16
686,749,7.2,5,4,0,0,1318,9,420,0.0,31.4,7,16.0,41.292,-125.953,60,6,54,2005,6,15,2,50
687,917,7.8,8,7,0,0,1020,9,714,0.0,16.1,6,115.6,-19.987,-69.197,157,5,9,2005,6,13,22,44
688,595,6.9,5,7,0,0,740,9,635,0.0,26.0,7,30.0,1.989,97.041,425,6,20,2005,5,19,1,54
689,331,6.7,6,5,0,0,731,9,695,0.0,20.9,6,34.0,0.587,98.459,325,6,20,2005,5,14,5,5
690,3,6.5,3,6,0,0,657,9,478,0.0,21.2,7,30.0,-1.714,99.779,324,6,20,2005,4,10,11,14
691,326,6.7,5,6,0,0,717,9,656,0.0,21.2,7,19.0,-1.644,99.607,324,6,20,2005,4,10,10,29
692,979,8.6,0,8,0,0,1138,7,510,0.0,22.1,8,30.0,2.085,97.108,425,6,20,2005,3,28,16,9
693,233,6.6,8,7,0,0,805,9,401,0.0,22.9,7,10.0,33.807,130.131,247,1,23,2005,3,20,1,53
694,733,7.1,0,5,0,0,776,9,569,0.0,18.1,6,201.7,-6.527,129.933,44,6,20,2005,3,2,10,42
695,524,6.8,0,6,0,0,711,9,444,0.0,33.8,6,36.0,2.908,95.592,423,6,20,2005,2,26,12,56
696,128,6.5,0,7,0,0,650,9,371,0.0,31.8,6,10.0,-5.562,122.129,184,6,20,2005,2,19,0,4
697,153,6.5,3,5,0,0,652,9,286,0.0,47.3,7,39.7,4.756,126.421,366,6,20,2005,2,15,14,42
698,393,6.7,0,4,0,0,691,9,457,0.0,30.2,6,206.3,-14.252,167.259,427,6,55,2005,2,8,14,48
699,691,7.1,7,3,0,0,782,9,640,0.0,26.4,7,525.0,5.293,123.337,329,6,54,2005,2,5,12,23
700,195,6.6,6,4,0,0,676,9,225,0.0,78.5,7,27.8,34.064,141.491,186,6,54,2005,1,19,6,11
701,307,6.6,0,5,0,0,670,9,353,0.0,31.9,7,16.1,8.879,92.375,301,6,54,2004,12,26,9,20
702,756,7.2,5,6,0,0,802,9,385,0.0,27.9,7,39.2,6.91,92.958,386,6,54,2004,12,26,4,21
703,982,9.1,0,8,0,0,1274,7,601,0.0,22.0,5,30.0,3.295,95.982,0,6,20,2004,12,26,0,58
704,966,8.1,0,5,0,0,1009,9,331,0.0,59.3,7,10.0,-49.312,161.345,245,6,54,2004,12,23,14,59
705,477,6.8,5,6,0,0,858,9,639,0.0,21.8,6,10.0,18.958,-81.409,129,6,54,2004,12,14,23,20
706,491,6.8,4,7,0,0,724,9,759,0.0,23.6,6,35.0,42.9,145.228,296,1,23,2004,12,6,14,15
707,659,7.0,4,7,0,0,771,9,929,0.0,23.9,6,39.0,43.006,145.119,296,1,23,2004,11,28,18,32
708,710,7.1,0,7,0,0,776,9,439,0.0,28.8,7,10.0,-3.609,135.404,284,6,20,2004,11,26,2,25
709,706,7.1,5,5,0,0,782,9,585,0.0,14.7,7,10.0,-46.676,164.721,380,6,54,2004,11,22,20,26
710,758,7.2,8,8,0,0,820,9,708,0.0,50.2,6,15.0,4.695,-77.508,346,6,10,2004,11,15,9,6
711,860,7.5,5,7,0,0,870,9,301,0.0,33.8,7,10.0,-8.152,124.868,259,6,20,2004,11,11,21,26
712,410,6.7,0,6,0,0,691,9,233,0.0,21.5,6,10.0,-11.128,162.208,197,6,54,2004,11,11,17,34
713,354,6.7,7,4,0,0,703,9,459,0.0,37.3,6,10.0,49.277,-128.772,351,6,54,2004,11,2,10,2
714,286,6.6,0,8,0,0,670,9,782,0.0,37.0,7,16.0,37.226,138.779,316,1,23,2004,10,23,8,56
715,375,6.7,5,6,0,0,705,9,698,0.0,24.7,6,94.0,24.53,122.694,488,6,54,2004,10,15,4,8
716,656,7.0,0,6,0,0,754,9,441,0.0,32.2,7,35.0,11.422,-86.665,254,6,54,2004,10,9,21,26
717,136,6.5,5,5,0,0,665,9,526,0.0,18.3,6,105.0,13.925,120.534,444,6,38,2004,10,8,14,36
718,495,6.8,0,6,0,0,711,9,545,0.0,15.7,6,36.0,-10.951,162.161,197,6,42,2004,10,8,8,27
719,181,6.6,0,4,0,0,670,9,478,0.0,29.8,7,10.0,33.205,137.227,420,6,54,2004,9,6,23,29
720,823,7.4,0,5,0,0,842,9,594,0.0,27.5,6,10.0,33.184,137.071,420,6,54,2004,9,5,14,57
721,776,7.2,0,5,0,0,798,9,643,0.0,28.4,7,14.0,33.07,136.618,420,6,54,2004,9,5,10,7
722,113,6.5,0,7,0,0,650,9,349,0.0,30.1,6,5.0,-35.173,-70.525,452,5,9,2004,8,28,13,41
723,15,6.5,0,7,0,0,650,9,305,0.0,39.0,7,13.4,-0.443,133.091,252,6,20,2004,7,28,3,56
724,560,6.9,0,5,0,0,732,9,798,0.0,31.2,6,188.6,55.682,160.003,30,1,39,2004,6,10,15,19
725,173,6.6,0,7,0,0,670,9,282,0.0,46.9,6,21.0,-37.695,-73.406,83,5,9,2004,5,3,4,36
726,320,6.7,0,5,0,0,691,9,386,0.0,27.6,6,65.8,-9.362,122.839,287,6,20,2004,4,23,1,50
727,132,6.5,0,4,0,0,650,9,424,0.0,29.9,6,228.4,-13.174,167.198,427,6,55,2004,4,9,15,23
728,303,6.6,0,4,0,0,670,9,728,0.0,18.3,6,187.1,36.512,71.029,12,1,0,2004,4,5,21,24
729,380,6.7,0,7,0,0,691,9,256,0.0,33.3,7,25.7,-3.665,135.339,284,6,20,2004,2,8,8,58
730,815,7.3,0,7,0,0,820,9,390,0.0,23.0,6,10.0,-4.003,135.023,337,6,20,2004,2,7,2,42
731,648,7.0,0,7,0,0,754,9,367,0.0,33.0,7,16.6,-3.615,135.538,284,6,20,2004,2,5,21,5
732,321,6.7,0,6,0,0,691,9,243,0.0,42.5,6,17.4,-3.12,127.4,21,6,20,2004,1,28,22,15
733,798,7.3,0,4,0,0,820,9,235,0.0,46.6,7,10.0,-22.015,169.766,442,6,54,2003,12,27,16,0
734,184,6.6,0,9,0,0,670,9,552,0.0,44.8,7,10.0,28.995,58.311,42,1,21,2003,12,26,1,56
735,64,6.5,0,6,0,0,650,9,405,0.0,48.4,6,33.0,8.416,-82.824,359,6,34,2003,12,25,7,11
736,0,6.5,7,9,0,0,1390,5,65,0.047,71.0,5,8.38,35.7005,-121.101,401,3,53,2003,12,22,19,15
737,517,6.8,0,7,0,0,711,9,447,0.0,27.7,6,10.0,23.039,121.362,489,1,44,2003,12,10,4,38
738,292,6.6,0,6,0,0,670,9,384,0.0,25.1,6,35.0,-5.581,150.88,195,6,35,2003,11,25,20,19
739,80,6.5,0,6,0,0,650,9,487,0.0,45.9,6,35.0,12.025,125.416,79,6,38,2003,11,18,17,14
740,262,6.6,0,5,0,0,670,9,475,0.0,26.2,6,113.7,-19.262,168.892,158,6,54,2003,11,6,10,38
741,627,7.0,0,5,0,0,754,9,568,0.0,61.2,6,10.0,37.812,142.619,161,6,54,2003,10,31,1,6
742,382,6.7,0,6,0,0,691,9,556,0.0,55.4,7,32.0,42.648,144.57,210,1,54,2003,10,8,9,6
743,413,6.7,0,7,0,0,691,9,643,0.0,24.5,6,10.0,50.211,87.721,16,1,39,2003,10,1,1,3
744,105,6.5,0,5,0,0,650,9,586,0.0,71.3,7,25.0,42.45,144.38,210,6,54,2003,9,29,2,36
745,802,7.3,0,7,0,0,820,9,667,0.0,24.5,6,16.0,50.038,87.813,16,1,39,2003,9,27,11,33
746,824,7.4,0,7,0,0,842,9,514,0.0,78.8,7,33.0,41.774,143.593,421,1,54,2003,9,25,21,8
747,967,8.16,0,9,0,0,1024,7,0,0.0,0.0,8,27.0,41.815,143.91,210,6,54,2003,9,25,19,50
748,193,6.6,0,7,0,0,670,9,518,0.0,24.7,6,10.0,19.917,95.672,449,1,29,2003,9,21,18,16
749,767,7.2,0,7,0,0,798,9,428,0.0,17.5,7,28.0,-45.104,167.144,450,6,31,2003,8,21,12,12
750,894,7.6,0,6,0,0,889,9,315,0.0,25.2,7,10.0,-60.532,-43.411,414,6,52,2003,8,4,4,37
751,83,6.5,0,6,0,0,650,9,156,0.0,31.4,6,33.0,-3.828,152.174,376,6,35,2003,7,15,18,46
752,483,6.8,0,7,0,0,711,9,398,0.0,39.1,7,33.0,-30.608,-71.637,320,5,9,2003,6,20,13,30
753,563,6.9,0,5,0,0,732,9,733,0.0,26.7,6,174.8,55.492,159.999,30,1,39,2003,6,16,22,8
754,294,6.6,0,6,0,0,670,9,419,0.0,27.8,7,33.0,-5.095,152.502,201,6,35,2003,6,7,0,32
755,622,7.0,0,6,0,0,754,9,473,0.0,30.3,7,31.0,2.354,128.855,459,6,20,2003,5,26,19,23
756,646,7.0,0,7,0,0,754,9,690,0.0,19.1,6,68.0,38.849,141.568,4,1,23,2003,5,26,9,24
757,465,6.8,0,9,0,0,711,9,534,0.0,19.4,7,12.0,36.964,3.634,107,6,1,2003,5,21,18,44
758,90,6.5,0,7,0,0,650,9,247,0.0,28.7,7,33.0,-8.294,120.743,384,6,20,2003,3,25,2,53
759,436,6.8,0,7,0,0,711,9,431,0.0,38.4,7,40.2,-4.694,153.238,201,6,35,2003,3,11,7,27
760,873,7.6,0,7,0,0,889,9,551,0.0,0.0,6,24.0,18.77,-104.104,105,3,26,2003,1,22,2,6
761,74,6.5,0,6,0,0,650,9,316,0.0,0.0,7,24.0,13.626,-90.774,363,6,54,2003,1,21,2,46
762,790,7.3,0,6,0,0,820,9,457,0.0,0.0,7,33.0,-10.491,160.77,197,6,54,2003,1,20,8,43
763,358,6.7,0,5,0,0,691,9,323,0.0,0.0,6,71.9,-5.311,153.701,201,6,54,2003,1,10,13,11
764,424,6.7,0,6,0,0,691,9,453,0.0,0.0,6,34.0,-4.786,153.275,300,6,35,2002,12,12,8,30
765,947,7.9,8,9,0,0,1750,0,0,0.0,0.0,5,4.2,63.5141,-147.453,80,3,53,2002,11,3,22,12
766,832,7.4,0,7,0,0,842,9,418,0.0,0.0,6,30.0,2.824,96.085,423,6,20,2002,11,2,1,26
767,265,6.6,0,7,0,0,670,0,0,0.0,0.0,5,4.2,63.5144,-147.912,80,3,53,2002,10,23,11,27
768,405,6.7,0,7,0,0,691,9,250,0.0,0.0,4,10.0,-1.511,133.973,252,6,20,2002,10,10,12,28
769,869,7.6,0,7,0,0,889,9,375,0.0,0.0,7,10.0,-1.757,134.297,252,6,20,2002,10,10,10,50
770,33,6.5,0,6,0,0,650,9,646,0.0,0.0,7,21.0,13.036,93.068,43,6,19,2002,9,13,22,28
771,884,7.6,0,7,0,0,889,9,428,0.0,0.0,7,13.0,-3.302,142.945,15,6,35,2002,9,8,18,44
772,14,6.5,0,4,0,0,650,9,260,0.0,0.0,7,30.0,14.101,146.199,393,6,54,2002,8,14,13,57
773,30,6.5,0,7,0,0,650,9,533,0.0,0.0,7,10.0,7.929,-82.793,369,6,34,2002,7,31,0,16
774,107,6.5,0,8,0,0,650,9,555,0.0,0.0,7,10.0,35.626,49.047,8,1,21,2002,6,22,2,58
775,210,6.6,0,7,0,0,670,9,420,0.0,0.0,6,54.0,-30.805,-71.124,279,5,9,2002,6,18,13,56
776,357,6.7,0,5,0,0,691,9,272,0.0,0.0,7,33.0,-12.592,166.383,427,6,54,2002,6,17,21,26
777,701,7.1,0,7,0,0,776,9,257,0.0,0.0,7,85.7,13.088,144.619,264,6,53,2002,4,26,16,6
778,374,6.7,0,7,0,0,691,9,462,0.0,0.0,6,62.0,-27.535,-70.586,99,5,9,2002,4,18,16,8
779,469,6.8,0,6,0,0,711,9,292,0.0,0.0,7,24.9,16.985,-100.865,311,3,54,2002,4,18,5,2
780,725,7.1,0,6,0,0,776,9,550,0.0,0.0,7,32.8,24.279,122.179,148,1,54,2002,3,31,6,52
781,4,6.5,0,5,0,0,650,9,486,0.0,0.0,7,125.1,-21.663,-68.329,77,5,9,2002,3,28,4,56
782,865,7.5,0,7,0,0,865,9,321,0.0,0.0,7,31.0,6.033,124.249,271,6,38,2002,3,5,21,16
783,833,7.4,0,5,0,0,842,9,138,0.0,0.0,7,225.6,36.502,70.482,172,1,0,2002,3,3,12,8
784,179,6.6,0,6,0,0,670,9,444,0.0,0.0,7,39.0,-5.345,151.248,195,6,35,2002,2,5,13,27
785,97,6.5,0,7,0,0,650,9,482,0.0,0.0,7,5.0,38.573,31.271,436,1,49,2002,2,3,7,11
786,323,6.7,0,8,0,0,691,9,333,0.0,0.0,7,11.0,-3.212,142.427,15,6,35,2002,1,10,11,14
787,240,6.6,0,6,0,0,670,9,386,0.0,0.0,7,10.0,-17.664,168.004,353,6,55,2002,1,3,10,17
788,764,7.2,0,6,0,0,798,9,427,0.0,0.0,7,21.0,-17.6,167.856,353,6,55,2002,1,2,17,22
789,463,6.8,0,7,0,0,711,9,385,0.0,0.0,7,16.0,-9.613,159.53,250,6,42,2001,12,23,22,52
790,496,6.8,0,5,0,0,711,9,499,0.0,0.0,7,14.0,23.954,122.734,488,6,54,2001,12,18,4,2
791,63,6.5,0,5,0,0,650,9,605,0.0,0.0,7,123.8,39.402,141.089,136,1,23,2001,12,2,13,1
792,935,7.8,0,9,0,0,936,9,368,0.0,0.0,7,10.0,35.946,90.541,432,1,36,2001,11,14,9,26
793,655,7.0,0,7,0,0,754,9,254,0.0,0.0,7,33.0,-5.912,150.196,195,6,35,2001,10,31,9,10
794,847,7.5,0,6,0,0,865,9,234,0.0,0.0,7,33.0,-4.102,123.907,188,6,20,2001,10,19,3,28
795,666,7.0,0,6,0,0,754,9,482,0.0,0.0,7,37.0,12.686,144.98,153,6,54,2001,10,12,15,2
796,8,6.5,0,6,0,0,650,9,174,0.0,0.0,7,33.0,-0.578,133.13,252,6,20,2001,9,11,14,56
797,281,6.6,6,6,0,0,754,0,0,0.0,0.0,5,131.8,58.775,-154.701,200,3,53,2001,7,28,7,32
798,72,6.5,0,8,0,0,650,9,483,0.0,0.0,7,10.0,39.059,24.244,426,2,15,2001,7,26,0,21
799,882,7.6,0,7,0,0,889,9,398,0.0,0.0,7,33.0,-17.543,-72.077,368,6,37,2001,7,7,9,38
800,237,6.6,0,7,0,0,670,9,324,0.0,0.0,7,62.0,-16.086,-73.987,10,6,37,2001,7,5,13,53
801,378,6.7,0,6,0,0,691,9,422,0.0,0.0,7,24.0,-17.745,-71.649,323,6,37,2001,6,26,4,18
802,978,8.4,0,8,0,0,1086,7,518,0.0,0.0,8,33.0,-16.265,-73.641,27,6,37,2001,6,23,20,33
803,334,6.7,0,6,0,0,691,9,282,0.0,0.0,7,17.0,-7.41,155.865,335,6,42,2001,4,19,21,43
804,456,6.8,0,7,0,0,711,9,596,0.0,0.0,7,50.0,34.083,132.526,207,1,23,2001,3,24,6,27
805,85,6.5,0,6,0,0,650,9,206,0.0,0.0,7,33.0,-4.029,128.02,21,6,20,2001,3,19,5,52
806,501,6.8,7,7,0,0,1441,10,67,0.0,31.0,2,51.8,47.149,-122.727,235,3,53,2001,2,28,18,54
807,690,7.1,0,7,0,0,776,9,426,0.0,0.0,7,35.0,1.271,126.249,453,6,20,2001,2,24,7,23
808,821,7.4,0,6,0,0,842,9,221,0.0,0.0,7,36.0,-4.68,102.562,56,6,20,2001,2,13,19,28
809,259,6.6,0,8,0,0,670,9,273,0.0,0.0,7,10.0,13.671,-88.938,95,6,13,2001,2,13,14,22
810,901,7.7,0,9,0,0,912,9,472,0.0,0.0,7,16.0,23.419,70.232,57,1,19,2001,1,26,3,16
811,583,6.9,0,6,0,0,732,9,117,0.0,0.0,6,28.0,-4.022,101.776,56,6,20,2001,1,16,13,25
812,908,7.7,0,8,0,0,912,9,427,0.0,0.0,7,60.0,13.049,-88.66,361,6,54,2001,1,13,17,33
813,580,6.9,5,7,0,0,745,0,0,0.0,0.0,5,36.4,56.7744,-153.281,318,3,54,2001,1,10,16,2
814,696,7.1,0,7,0,0,776,9,372,0.0,0.0,6,103.0,-14.928,167.17,352,6,55,2001,1,9,16,49
815,526,6.8,0,5,0,0,711,9,64,0.0,0.0,7,33.0,6.631,126.899,271,6,54,2001,1,1,8,54
816,850,7.5,0,7,0,0,865,9,324,0.0,0.0,7,33.0,6.898,126.579,240,6,38,2001,1,1,6,57
817,101,6.5,0,7,0,0,650,9,401,0.0,0.0,7,31.0,-4.218,152.725,201,6,35,2000,12,6,22,57
818,654,7.0,0,7,0,0,754,9,495,0.0,0.0,7,30.0,39.566,54.799,41,1,51,2000,12,6,17,11
819,52,6.5,0,6,0,0,650,9,268,0.0,0.0,7,33.0,40.167,49.954,36,1,4,2000,11,25,18,10
820,450,6.8,0,6,0,0,711,9,446,0.0,0.0,7,50.4,40.245,49.946,40,1,4,2000,11,25,18,9
821,435,6.8,0,6,0,0,711,9,402,0.0,0.0,6,33.0,-5.228,151.771,201,6,35,2000,11,18,6,54
822,186,6.6,0,6,0,0,670,9,267,0.0,0.0,7,33.0,-5.097,153.181,201,6,35,2000,11,18,2,5
823,919,7.8,0,7,0,0,936,9,346,0.0,0.0,7,33.0,-5.496,151.781,201,6,35,2000,11,17,21,1
824,16,6.5,0,6,0,0,650,9,71,0.0,0.0,1,33.0,-4.827,153.226,201,6,35,2000,11,16,7,45
825,918,7.8,0,7,0,0,936,9,294,0.0,0.0,7,30.0,-5.233,153.102,201,6,54,2000,11,16,7,42
826,952,8.0,0,7,0,0,985,9,254,0.0,0.0,7,33.0,-3.98,152.169,376,6,35,2000,11,16,4,54
827,1,6.5,0,7,0,0,650,9,462,0.0,0.0,7,17.0,7.042,-77.829,171,6,10,2000,11,8,6,59
828,636,7.0,0,7,0,0,754,9,60,0.0,0.0,7,50.0,-4.766,153.945,201,6,35,2000,10,29,8,37
829,472,6.8,0,6,0,0,711,9,415,0.0,0.0,7,38.0,-6.549,105.63,219,6,20,2000,10,25,9,32
830,408,6.7,0,8,0,0,691,9,390,0.0,0.0,7,10.0,35.456,133.134,257,1,23,2000,10,6,4,30
831,649,7.0,0,7,0,0,754,9,357,0.0,0.0,7,23.0,-15.421,166.91,238,6,55,2000,10,4,16,58
832,32,6.5,0,6,0,0,650,9,415,0.0,0.0,6,34.0,-7.977,30.709,305,0,46,2000,10,2,2,25
833,521,6.8,0,6,0,0,711,9,336,0.0,0.0,7,16.0,-4.11,127.394,21,6,20,2000,8,28,15,5
834,55,6.5,0,6,0,0,650,9,481,0.0,0.0,7,45.8,18.198,-102.48,119,3,26,2000,8,9,11,41
835,476,6.8,0,7,0,0,711,9,593,0.0,0.0,7,10.0,48.786,142.246,470,1,39,2000,8,4,21,13
836,196,6.6,0,6,0,0,670,9,218,0.0,0.0,7,33.0,-12.037,166.448,224,6,54,2000,8,3,1,9
837,141,6.5,0,7,0,0,650,9,428,0.0,0.0,7,10.0,33.901,139.376,419,6,23,2000,7,30,12,25
838,220,6.6,0,5,0,0,670,9,367,0.0,0.0,7,10.0,-7.747,150.917,180,6,54,2000,7,16,3,57
839,56,6.5,0,6,0,0,650,0,0,0.0,0.0,5,42.9,57.3546,-154.198,223,3,53,2000,7,11,1,32
840,19,6.5,0,9,0,0,650,9,351,0.0,0.0,7,10.0,63.98,-20.758,416,6,18,2000,6,21,0,51
841,951,7.9,0,5,0,0,960,9,405,0.0,0.0,7,10.0,-13.802,97.453,429,6,54,2000,6,18,14,44
842,58,6.5,0,8,0,0,650,9,406,0.0,0.0,7,10.0,63.966,-20.487,416,6,18,2000,6,17,15,40
843,419,6.7,0,5,0,0,691,9,352,0.0,0.0,7,33.0,-4.612,101.905,56,6,20,2000,6,7,23,45
844,416,6.7,0,5,0,0,691,9,147,0.0,0.0,1,33.0,-4.646,102.102,56,6,20,2000,6,4,16,39
845,937,7.9,0,8,0,0,960,9,379,0.0,0.0,7,33.0,-4.721,102.087,56,6,20,2000,6,4,16,28
846,771,7.2,0,5,0,0,798,9,0,0.0,0.0,7,225.0,-23.548,-66.452,389,5,3,2000,5,12,18,43
847,887,7.6,0,7,0,0,889,9,0,0.0,0.0,7,26.0,-1.105,123.573,241,6,20,2000,5,4,4,21
848,271,6.6,0,8,0,0,670,9,0,0.0,0.0,7,10.0,-6.817,143.807,150,6,35,2000,3,3,22,22
849,293,6.6,0,6,0,0,670,9,0,0.0,0.0,7,33.0,-5.844,150.876,195,6,35,2000,2,6,11,33
850,511,6.8,0,6,0,0,711,9,0,0.0,0.0,7,61.1,43.046,146.837,418,6,54,2000,1,28,14,21
851,745,7.2,0,6,0,0,798,9,0,0.0,0.0,7,183.4,-16.925,-174.248,143,6,54,2000,1,8,16,47
852,581,6.9,0,6,0,0,732,9,0,0.0,0.0,6,33.0,-10.86,165.354,224,6,54,1999,12,29,13,29
853,108,6.5,0,6,0,0,650,9,0,0.0,0.0,6,56.0,-6.845,105.555,219,6,20,1999,12,21,14,14
854,791,7.3,0,7,0,0,820,9,0,0.0,0.0,7,33.0,15.766,119.74,65,6,38,1999,12,11,18,3
855,643,7.0,0,7,0,0,754,0,0,0.0,0.0,5,43.6,57.3424,-154.347,182,3,53,1999,12,6,23,12
856,180,6.6,0,5,0,0,670,9,0,0.0,0.0,6,128.1,-18.901,-69.171,25,5,9,1999,11,30,4,1
857,863,7.5,0,7,0,0,865,9,0,0.0,0.0,7,33.0,-16.423,168.214,222,6,55,1999,11,26,13,21
858,671,7.0,0,6,0,0,754,9,0,0.0,0.0,7,33.0,-6.351,148.763,180,6,35,1999,11,19,13,56
859,593,6.9,0,6,0,0,732,9,0,0.0,0.0,7,47.5,-5.978,148.82,180,6,35,1999,11,17,3,27
860,772,7.2,0,9,0,0,798,9,0,0.0,0.0,7,10.0,40.758,31.161,112,1,49,1999,11,12,16,57
861,66,6.5,0,4,0,0,650,9,0,0.0,0.0,7,228.4,36.522,71.24,26,1,0,1999,11,8,16,45
862,736,7.1,8,8,0,0,1576,2,73,0.0,57.0,5,13.73,34.6033,-116.265,140,3,53,1999,10,16,9,46
863,846,7.5,0,8,0,0,865,9,0,0.0,0.0,7,60.6,16.059,-96.931,391,3,26,1999,9,30,16,31
864,65,6.5,0,7,0,0,650,9,0,0.0,0.0,7,17.0,23.738,121.158,367,1,44,1999,9,25,23,52
865,903,7.7,0,9,0,0,912,9,0,0.0,0.0,7,33.0,23.772,120.982,367,1,44,1999,9,20,17,47
866,274,6.6,0,6,0,0,670,9,0,0.0,0.0,7,33.0,-16.117,168.039,222,6,55,1999,8,22,12,40
867,578,6.9,0,6,0,0,732,9,0,0.0,0.0,7,20.0,9.044,-84.159,374,6,54,1999,8,20,10,2
868,879,7.6,0,9,0,0,889,9,0,0.0,0.0,7,17.0,40.748,29.864,109,1,49,1999,8,17,0,1
869,347,6.7,0,8,0,0,691,9,0,0.0,0.0,7,10.0,15.782,-88.33,355,6,16,1999,7,11,14,14
870,615,7.0,0,7,0,0,754,9,0,0.0,0.0,7,70.0,18.386,-97.436,454,3,26,1999,6,15,20,42
871,175,6.6,0,5,0,0,670,9,0,0.0,0.0,7,27.0,-5.165,152.877,201,6,35,1999,5,17,10,7
872,721,7.1,0,7,0,0,776,9,0,0.0,0.0,7,73.7,-4.751,152.486,201,6,35,1999,5,16,0,51
873,731,7.1,0,7,0,0,776,9,0,0.0,0.0,6,138.0,-5.159,150.88,195,6,35,1999,5,10,20,33
874,444,6.8,0,5,0,0,711,9,0,0.0,0.0,7,164.2,-21.422,-176.46,139,6,54,1999,4,13,10,38
875,836,7.4,0,7,0,0,842,9,0,0.0,0.0,7,150.0,-5.591,149.568,195,6,35,1999,4,5,11,8
876,494,6.8,0,7,0,0,711,9,0,0.0,0.0,7,87.2,-16.66,-72.662,78,5,37,1999,4,3,6,17
877,295,6.6,0,7,0,0,670,9,0,0.0,0.0,6,15.0,30.512,79.403,322,1,19,1999,3,28,19,5
878,589,6.9,0,6,0,0,732,9,0,0.0,0.0,7,33.0,51.587,-177.668,11,3,53,1999,3,20,10,47
879,536,6.9,0,5,0,0,732,9,0,0.0,0.0,7,56.6,52.056,159.52,482,6,54,1999,3,8,12,25
880,726,7.1,0,6,0,0,776,9,0,0.0,0.0,7,33.0,5.397,121.937,440,6,54,1999,3,4,8,52
881,174,6.6,0,7,0,0,670,9,0,0.0,0.0,7,33.0,28.343,57.193,173,1,21,1999,3,4,5,38
882,793,7.3,0,7,0,0,820,9,0,0.0,0.0,7,90.1,-12.853,166.697,427,6,54,1999,2,6,21,47
883,204,6.6,0,6,0,0,670,9,0,0.0,0.0,7,67.2,52.886,-169.123,302,3,53,1999,1,28,8,10
884,620,7.0,0,7,0,0,754,9,0,0.0,0.0,7,114.1,-4.596,153.235,201,6,35,1999,1,19,3,35
885,443,6.8,0,5,0,0,711,9,0,0.0,0.0,7,144.3,-21.632,-176.376,139,6,54,1998,12,27,0,38
886,906,7.7,0,7,0,0,912,9,0,0.0,0.0,7,33.0,-2.071,124.891,241,6,20,1998,11,29,14,10
887,647,7.0,0,7,0,0,754,9,0,0.0,0.0,7,33.0,-6.92,128.946,236,6,20,1998,11,9,5,38
888,370,6.7,0,6,0,0,691,9,0,0.0,0.0,7,33.0,-6.954,129.022,236,6,20,1998,11,9,5,30
889,287,6.6,0,5,0,0,670,9,0,0.0,0.0,6,151.6,-8.194,112.413,438,6,20,1998,9,28,13,34
890,275,6.6,0,6,0,0,670,9,0,0.0,0.0,7,27.0,-29.45,-71.715,100,6,9,1998,9,3,17,37
891,439,6.8,0,5,0,0,711,9,0,0.0,0.0,7,50.0,5.41,126.764,348,6,20,1998,9,2,8,37
892,757,7.2,0,7,0,0,798,9,0,0.0,0.0,7,33.0,-0.593,-80.393,38,5,12,1998,8,4,18,59
893,359,6.7,0,6,0,0,691,9,0,0.0,0.0,7,33.0,-2.693,138.901,7,6,20,1998,7,29,18,0
894,658,7.0,0,7,0,0,754,9,0,0.0,0.0,7,10.0,-2.961,141.926,15,6,35,1998,7,17,8,49
895,661,7.0,0,7,0,0,754,9,0,0.0,0.0,7,110.2,-11.04,166.16,224,6,42,1998,7,16,11,56
896,224,6.6,0,6,0,0,670,9,0,0.0,0.0,6,33.0,37.106,70.11,383,1,0,1998,5,30,6,22
897,228,6.6,0,8,0,0,670,9,0,0.0,0.0,6,24.0,-17.731,-65.431,274,5,5,1998,5,22,4,48
898,333,6.7,0,6,0,0,691,9,0,0.0,0.0,6,33.0,0.207,119.584,331,6,20,1998,5,21,5,34
899,170,6.6,0,6,0,0,670,9,0,0.0,0.0,7,61.4,-5.147,151.714,201,6,35,1998,5,13,23,2
900,852,7.5,0,5,0,0,865,9,0,0.0,0.0,6,33.0,22.306,125.308,159,6,54,1998,5,3,23,30
901,249,6.6,0,5,0,0,670,9,0,0.0,0.0,7,164.6,-8.148,-74.238,392,5,37,1998,4,3,22,1
902,673,7.0,0,6,0,0,754,9,0,0.0,0.0,7,55.7,-0.544,99.261,339,6,20,1998,4,1,17,56
903,264,6.6,0,8,0,0,670,9,0,0.0,0.0,7,9.0,30.154,57.605,192,1,21,1998,3,14,19,40
904,716,7.1,0,7,0,0,776,9,0,0.0,0.0,7,42.0,-23.913,-70.207,24,5,9,1998,1,30,12,16
905,342,6.7,0,6,0,0,691,9,0,0.0,0.0,7,23.4,-15.848,-179.376,216,6,14,1998,1,12,16,36
906,255,6.6,0,7,0,0,670,9,0,0.0,0.0,7,34.8,-30.985,-71.41,320,5,9,1998,1,12,10,14
907,164,6.6,0,6,0,0,670,9,0,0.0,0.0,7,33.0,14.374,-91.473,394,6,16,1998,1,10,8,20
908,744,7.2,0,6,0,0,798,9,0,0.0,0.0,7,179.3,-5.495,147.867,124,6,35,1997,12,22,2,5
909,921,7.8,0,7,0,0,936,9,0,0.0,0.0,7,33.0,54.841,162.035,472,1,39,1997,12,5,11,26
910,676,7.0,0,6,0,0,754,9,0,0.0,0.0,7,24.0,1.241,122.536,132,6,20,1997,11,25,12,14
911,218,6.6,0,7,0,0,670,9,0,0.0,0.0,7,33.0,37.57,20.656,233,2,54,1997,11,18,13,7
912,653,7.0,0,6,0,0,754,9,0,0.0,0.0,7,123.1,-15.145,167.375,352,6,55,1997,11,15,18,59
913,24,6.5,0,4,0,0,650,9,0,0.0,0.0,6,176.4,13.849,-88.808,400,6,13,1997,11,9,22,56
914,868,7.5,0,7,0,0,865,9,0,0.0,0.0,7,33.0,35.069,87.325,501,1,36,1997,11,8,10,2
915,765,7.2,0,7,0,0,798,9,0,0.0,0.0,7,112.0,-4.368,-76.681,49,5,37,1997,10,28,6,15
916,717,7.1,0,7,0,0,776,9,0,0.0,0.0,7,58.0,-30.933,-71.22,279,5,9,1997,10,15,1,3
917,922,7.8,0,7,0,0,936,9,0,0.0,0.0,6,167.3,-22.101,-176.772,139,6,54,1997,10,14,9,53
918,41,6.5,0,5,0,0,650,9,0,0.0,0.0,6,105.6,9.79,125.779,444,6,38,1997,10,6,12,30
919,464,6.8,0,5,0,0,711,9,0,0.0,0.0,6,198.7,3.849,-75.749,381,5,10,1997,9,2,12,13
920,273,6.6,0,6,0,0,670,9,0,0.0,0.0,7,22.8,-3.562,144.362,22,6,35,1997,8,29,8,14
921,575,6.9,0,6,0,0,732,9,0,0.0,0.0,6,33.0,16.333,-98.216,117,3,26,1997,7,19,14,22
922,644,7.0,0,8,0,0,754,9,0,0.0,0.0,7,19.9,10.598,-63.486,82,6,56,1997,7,9,19,24
923,489,6.8,0,6,0,0,711,9,0,0.0,0.0,7,19.0,-30.058,-71.872,100,6,54,1997,7,6,9,54
924,96,6.5,0,6,0,0,650,9,0,0.0,0.0,7,70.0,18.684,-101.604,93,3,26,1997,5,22,7,50
925,523,6.8,0,6,0,0,711,9,0,0.0,0.0,7,57.0,-20.438,169.287,158,6,54,1997,5,21,14,10
926,100,6.5,0,4,0,0,650,9,0,0.0,0.0,6,196.0,36.411,70.945,172,1,0,1997,5,13,14,13
927,809,7.3,0,9,0,0,820,9,0,0.0,0.0,6,10.0,33.825,59.809,371,1,21,1997,5,10,7,57
928,93,6.5,0,6,0,0,650,9,0,0.0,0.0,7,100.8,13.986,144.901,487,6,54,1997,4,23,19,44
929,351,6.7,0,7,0,0,691,9,0,0.0,0.0,6,5.0,11.112,-60.892,413,6,48,1997,4,22,9,31
930,902,7.7,0,6,0,0,912,9,0,0.0,0.0,7,33.0,-12.584,166.676,427,6,54,1997,4,21,12,2
931,95,6.5,0,6,0,0,650,9,0,0.0,0.0,7,69.1,-6.485,147.408,124,6,35,1997,4,5,12,23
932,534,6.9,0,5,0,0,732,9,0,0.0,0.0,6,10.0,7.742,127.647,196,6,54,1997,3,11,19,22
933,708,7.1,0,6,0,0,776,9,0,0.0,0.0,7,33.0,29.976,68.208,137,1,33,1997,2,27,21,8
934,156,6.5,0,8,0,0,650,9,0,0.0,0.0,7,10.0,37.661,57.291,467,1,21,1997,2,4,10,37
935,762,7.2,0,7,0,0,798,9,0,0.0,0.0,6,33.0,18.219,-102.756,119,3,26,1997,1,11,20,28
936,27,6.5,0,4,0,0,650,9,0,0.0,0.0,7,226.5,43.207,138.92,162,6,54,1996,12,22,14,53
937,349,6.7,0,6,0,0,691,9,0,0.0,0.0,7,49.2,31.789,131.314,273,1,23,1996,12,2,22,17
938,538,6.9,0,7,0,0,732,9,0,0.0,0.0,7,33.0,35.345,78.133,455,1,36,1996,11,19,10,44
939,911,7.7,0,7,0,0,912,9,0,0.0,0.0,7,33.0,-14.993,-75.675,86,6,37,1996,11,12,16,59
940,388,6.7,0,7,0,0,691,9,0,0.0,0.0,7,22.0,31.885,131.468,273,1,23,1996,10,19,14,44
941,209,6.6,0,7,0,0,670,9,0,0.0,0.0,7,10.0,30.568,131.093,304,1,23,1996,10,18,10,50
942,515,6.8,0,6,0,0,711,9,0,0.0,0.0,7,24.0,-7.133,155.568,335,6,42,1996,10,14,23,26
943,478,6.8,0,6,0,0,711,9,0,0.0,0.0,7,33.0,34.556,32.126,336,1,54,1996,10,9,13,10
944,225,6.6,0,6,0,0,670,9,0,0.0,0.0,7,33.0,9.454,126.334,102,6,38,1996,9,20,4,11
945,217,6.6,0,6,0,0,670,9,0,0.0,0.0,7,33.0,9.463,126.284,102,6,38,1996,9,20,4,10
946,507,6.8,0,6,0,0,711,9,0,0.0,0.0,7,20.0,21.898,121.498,142,6,44,1996,9,5,23,42
947,585,6.9,0,6,0,0,732,9,0,0.0,0.0,7,33.0,-10.769,161.445,197,6,42,1996,8,2,12,55
948,640,7.0,0,6,0,0,754,9,0,0.0,0.0,7,33.0,1.0,120.45,331,6,20,1996,7,22,14,19
949,215,6.6,0,6,0,0,670,9,0,0.0,0.0,6,33.0,1.016,120.254,331,6,20,1996,7,16,10,7
950,467,6.8,0,6,0,0,711,9,0,0.0,0.0,6,18.3,17.6,-100.965,104,3,26,1996,7,15,21,23
951,940,7.9,0,4,0,0,960,9,0,0.0,0.0,7,587.3,-7.137,122.589,260,6,20,1996,6,17,11,22
952,728,7.1,0,6,0,0,776,9,0,0.0,0.0,7,33.0,12.614,125.154,328,6,38,1996,6,11,18,22
953,807,7.3,0,7,0,0,820,9,0,0.0,0.0,7,26.3,51.478,-176.847,11,3,53,1996,6,10,15,24
954,948,7.9,0,7,0,0,960,9,0,0.0,0.0,7,33.0,51.564,-177.632,11,3,53,1996,6,10,4,3
955,399,6.7,0,4,0,0,691,9,0,0.0,0.0,7,200.1,-13.481,167.13,427,6,55,1996,6,10,1,4
956,768,7.2,0,6,0,0,798,9,0,0.0,0.0,7,44.0,-6.518,154.999,335,6,35,1996,4,29,14,40
957,250,6.6,0,7,0,0,670,9,0,0.0,0.0,6,49.5,-23.944,-70.093,24,5,9,1996,4,19,0,19
958,386,6.7,0,5,0,0,691,9,0,0.0,0.0,7,164.4,-14.705,167.297,352,6,55,1996,3,17,14,48
959,373,6.7,0,6,0,0,691,9,0,0.0,0.0,7,33.0,11.905,-86.772,481,6,32,1996,3,3,16,37
960,244,6.6,0,6,0,0,670,9,0,0.0,0.0,7,33.0,11.657,-86.856,254,6,54,1996,3,3,14,55
961,704,7.1,0,7,0,0,776,9,0,0.0,0.0,5,21.1,15.978,-98.07,406,3,26,1996,2,25,3,8
962,843,7.5,0,6,0,0,865,9,0,0.0,0.0,5,10.0,-9.593,-79.587,364,6,37,1996,2,21,12,51
963,69,6.5,0,6,0,0,650,9,0,0.0,0.0,5,31.9,-0.917,136.225,59,6,20,1996,2,17,20,18
964,114,6.5,0,6,0,0,650,9,0,0.0,0.0,5,19.2,-0.567,135.84,155,6,20,1996,2,17,14,21
965,960,8.09,0,8,0,0,1007,7,0,0.0,0.0,8,33.0,-0.891,136.952,59,6,54,1996,2,17,5,59
966,329,6.7,0,4,0,0,691,9,0,0.0,0.0,5,40.8,37.353,142.38,289,6,54,1996,2,16,15,22
967,750,7.2,0,6,0,0,798,9,0,0.0,0.0,5,42.6,45.324,149.892,209,6,54,1996,2,7,21,36
968,254,6.6,0,10,0,0,670,9,0,0.0,0.0,5,11.1,27.291,100.276,230,1,36,1996,2,3,11,14
969,168,6.6,0,7,0,0,670,9,0,0.0,0.0,4,33.0,53.826,159.586,486,1,39,1996,1,1,9,57
970,941,7.9,0,8,0,0,960,9,0,0.0,0.0,5,24.0,0.729,119.931,331,6,20,1996,1,1,8,5
971,711,7.1,0,6,0,0,776,9,0,0.0,0.0,5,141.9,-6.903,129.151,236,6,20,1995,12,25,4,43
972,26,6.5,0,6,0,0,650,9,0,0.0,0.0,6,63.4,-3.703,140.233,7,6,20,1995,12,19,23,28
973,938,7.9,0,6,0,0,960,9,0,0.0,0.0,5,33.0,44.663,149.3,209,6,54,1995,12,3,18,1
974,755,7.2,0,9,0,0,798,9,0,0.0,0.0,5,10.0,28.826,34.799,310,1,41,1995,11,22,4,15
975,406,6.7,0,7,0,0,691,9,0,0.0,0.0,5,19.9,-28.906,-71.417,474,6,9,1995,11,1,0,35
976,747,7.2,0,6,0,0,798,9,0,0.0,0.0,5,159.3,16.84,-93.469,315,6,26,1995,10,21,2,38
977,503,6.8,0,6,0,0,711,9,0,0.0,0.0,5,19.7,28.094,130.148,292,6,54,1995,10,19,2,41
978,729,7.1,0,6,0,0,776,9,0,0.0,0.0,5,28.4,27.929,130.175,292,6,54,1995,10,18,10,37
979,956,8.0,0,8,0,0,985,9,0,0.0,0.0,5,33.0,19.055,-104.205,118,3,26,1995,10,9,15,35
980,486,6.8,0,7,0,0,711,9,0,0.0,0.0,5,33.0,-2.045,101.436,439,6,20,1995,10,6,18,9
981,99,6.5,0,7,0,0,650,9,0,0.0,0.0,5,16.7,-2.778,-77.851,434,5,12,1995,10,3,12,44
982,657,7.0,0,7,0,0,754,9,0,0.0,0.0,5,24.4,-2.75,-77.881,434,5,12,1995,10,3,1,51
983,129,6.5,0,5,0,0,650,9,0,0.0,0.0,6,59.9,-10.68,-78.581,338,6,37,1995,9,23,22,31
984,831,7.4,0,7,0,0,842,9,0,0.0,0.0,6,23.0,16.779,-98.597,33,3,26,1995,9,14,14,4
985,297,6.6,0,5,0,0,670,9,0,0.0,0.0,6,12.2,26.092,-110.284,121,6,54,1995,8,28,10,46
986,277,6.6,0,6,0,0,670,9,0,0.0,0.0,5,119.6,5.139,-75.577,295,5,10,1995,8,19,21,43
987,748,7.2,0,6,0,0,798,9,0,0.0,0.0,5,33.0,-5.771,154.347,335,6,54,1995,8,16,23,10
988,213,6.6,0,4,0,0,670,9,0,0.0,0.0,5,18.7,-5.429,153.773,201,6,54,1995,8,16,16,24
989,899,7.7,0,6,0,0,912,9,0,0.0,0.0,5,30.1,-5.799,154.178,335,6,54,1995,8,16,10,27
990,421,6.7,0,6,0,0,691,9,0,0.0,0.0,5,127.9,-4.836,151.515,201,6,35,1995,8,14,4,37
991,953,8.0,0,8,0,0,985,9,0,0.0,0.0,5,45.6,-23.34,-70.294,24,5,9,1995,7,30,5,11
992,454,6.8,0,8,0,0,711,9,0,0.0,0.0,5,12.5,21.966,99.196,168,1,29,1995,7,11,21,46
993,162,6.6,0,5,0,0,670,9,0,0.0,0.0,5,139.4,-19.544,169.287,158,6,55,1995,6,29,12,24
994,122,6.5,0,7,0,0,650,9,0,0.0,0.0,5,14.2,38.401,22.283,127,2,15,1995,6,15,0,15
995,730,7.1,0,9,0,0,776,9,0,0.0,0.0,6,11.0,52.629,142.827,466,1,39,1995,5,27,13,3
996,905,7.7,0,4,0,0,912,9,0,0.0,0.0,5,20.2,-23.008,169.9,479,6,54,1995,5,16,20,12
997,566,6.9,0,6,0,0,732,9,0,0.0,0.0,5,11.2,-8.378,125.127,259,6,20,1995,5,14,11,33
998,165,6.6,0,9,0,0,670,9,0,0.0,0.0,5,14.0,40.149,21.695,14,2,15,1995,5,13,8,47
999,693,7.1,0,7,0,0,776,9,0,0.0,0.0,5,16.0,12.626,125.297,76,6,38,1995,5,5,3,53
